,仁義潭水庫,南化水庫,寶山第二水庫,德基水庫,日月潭水庫,明德水庫,曾文水庫,永和山水庫,湖山水庫,烏山頭水庫,牡丹水庫,白河水庫,石岡壩,石門水庫,翡翠水庫,阿公店水庫,霧社水庫,鯉魚潭水庫
2004-1-1,2021.49,11891.0,NULL,10039.74,NULL,688.9,8989.0,1154.8,NULL,3708.0,2523.5,500.0,116.5,7161.58,24991.4,NULL,NULL,6734.81
2004-1-2,2006.39,11840.4,NULL,9995.4,NULL,685.53,9004.0,1144.5,NULL,3658.0,2514.95,500.0,119.0,7086.59,24822.0,NULL,NULL,6722.5
2004-1-3,1991.29,11785.2,NULL,9934.16,NULL,682.18,9027.0,1133.1,NULL,3612.0,2507.63,500.0,118.4,6985.76,24693.1,NULL,NULL,6685.55
2004-1-4,1976.2,11743.8,NULL,9819.0,NULL,677.7,9043.0,1120.9,NULL,3574.0,2500.31,500.0,143.7,6924.74,24508.4,NULL,NULL,6642.45
2004-1-5,1961.1,11697.8,NULL,9630.76,NULL,673.23,9058.0,1107.7,NULL,3530.0,2490.54,500.0,155.8,6833.73,24332.4,NULL,NULL,6605.51
2004-1-6,1946.0,11656.4,NULL,9640.8,NULL,669.88,9082.0,1094.5,NULL,3486.0,2483.22,490.0,157.2,6747.6,24164.9,NULL,NULL,6562.41
2004-1-7,1930.91,11615.0,NULL,9681.0,NULL,665.41,9097.0,1081.0,NULL,3443.0,2474.67,481.0,151.1,6653.5,23966.1,NULL,NULL,6525.47
2004-1-8,1915.93,11573.6,NULL,9717.93,NULL,660.93,9113.0,1068.1,NULL,3399.0,2464.91,473.0,156.5,6467.27,23791.8,NULL,NULL,6556.26
2004-1-9,1901.26,11536.8,NULL,9694.42,NULL,656.46,9121.0,1056.4,NULL,3355.0,2455.15,469.0,139.1,6366.8,23610.4,NULL,NULL,6528.55
2004-1-10,1888.69,11495.4,NULL,9660.89,NULL,651.99,9089.0,1045.6,NULL,3350.0,2447.83,461.0,124.1,6291.95,23437.6,NULL,NULL,6482.37
2004-1-11,1874.02,11449.4,NULL,9590.65,NULL,647.52,9105.0,1033.1,NULL,3311.0,2438.06,451.0,131.2,6192.84,23288.8,NULL,NULL,6449.05
2004-1-12,1859.35,11412.6,NULL,9530.65,NULL,643.04,9121.0,1021.5,NULL,3268.0,2430.74,442.0,141.7,6119.01,23093.8,NULL,NULL,6410.44
2004-1-13,1844.68,11371.2,NULL,9480.8,NULL,639.02,8833.0,1010.7,NULL,3339.0,2420.97,434.0,147.7,6037.49,22930.8,NULL,NULL,6368.86
2004-1-14,1834.2,11329.8,NULL,9411.21,NULL,635.15,8360.0,999.1,NULL,3695.0,2411.21,427.0,154.5,5920.23,22745.4,NULL,NULL,6333.23
2004-1-15,1825.82,11288.4,NULL,9358.37,NULL,632.24,7871.0,988.2,NULL,4073.0,2404.11,418.0,159.3,5816.04,22545.6,NULL,NULL,6282.74
2004-1-16,1815.34,11247.0,NULL,9262.96,NULL,628.37,7360.0,976.6,NULL,4441.0,2396.1,410.0,153.1,5724.63,22369.7,NULL,NULL,6244.13
2004-1-17,1806.96,11205.6,NULL,8172.62,NULL,624.49,7019.0,964.6,NULL,4723.0,2388.09,410.0,146.4,5614.28,22171.8,NULL,NULL,6211.46
2004-1-18,1798.58,11159.6,NULL,NULL,NULL,620.62,7026.0,950.9,NULL,4660.0,2378.93,410.0,137.1,5571.21,21974.5,NULL,NULL,6169.88
2004-1-19,1786.0,11117.0,NULL,8102.78,NULL,616.74,7034.0,938.3,NULL,4596.0,2369.77,410.0,143.1,5489.42,21763.1,NULL,NULL,6118.07
2004-1-20,1773.43,11079.0,NULL,9096.34,NULL,614.81,6506.0,926.7,NULL,4885.0,2386.4,410.0,146.4,5412.07,21590.2,NULL,NULL,6120.94
2004-1-21,1765.05,11036.1,NULL,9021.69,NULL,613.84,6157.0,920.2,NULL,5154.0,2353.74,410.0,155.2,5304.64,21537.8,NULL,NULL,6141.05
2004-1-22,1754.57,10994.6,NULL,8989.32,NULL,611.9,6173.0,914.1,NULL,5085.0,2344.58,410.0,151.8,5304.64,21590.3,NULL,NULL,6123.81
2004-1-23,1746.19,10958.8,NULL,8940.89,NULL,609.96,6188.0,908.6,NULL,5024.0,2335.42,410.0,147.7,5255.11,21530.3,NULL,NULL,6097.96
2004-1-24,1737.8,10918.7,NULL,8940.89,NULL,608.03,6204.0,901.6,NULL,4963.0,2326.26,410.0,145.7,5236.12,21545.3,NULL,NULL,6066.35
2004-1-25,1729.42,10880.7,NULL,8924.77,NULL,605.12,6219.0,896.2,NULL,4906.0,2317.1,409.0,143.7,5220.95,21605.3,NULL,NULL,6031.87
2004-1-26,1723.14,10838.5,NULL,8895.8,NULL,603.19,6227.0,889.3,NULL,4850.0,2307.94,409.0,140.4,5179.34,21635.3,NULL,NULL,6011.76
2004-1-27,1708.53,10792.1,NULL,8870.08,NULL,599.31,6243.0,882.3,NULL,4794.0,2398.78,409.0,135.8,5145.41,21612.8,NULL,NULL,6063.48
2004-1-28,1694.3,10745.7,NULL,8841.19,NULL,596.41,6258.0,876.1,NULL,4751.0,2288.48,408.0,141.1,5059.18,21492.8,NULL,NULL,6026.13
2004-1-29,1680.08,10699.2,NULL,8783.56,NULL,594.47,6274.0,868.3,NULL,4702.0,2279.32,403.0,143.7,5014.45,21425.6,NULL,NULL,5988.78
2004-1-30,1665.85,10648.6,NULL,8738.87,NULL,594.47,6297.0,870.6,NULL,4653.0,2271.31,398.0,151.8,5033.07,21358.4,NULL,NULL,6026.13
2004-1-31,1653.66,10597.9,NULL,8729.3,NULL,595.44,6312.0,869.9,NULL,4596.0,2262.15,394.0,154.5,5033.07,21313.7,NULL,NULL,5994.52
2004-2-1,1641.47,10552.2,NULL,8707.01,NULL,593.5,6320.0,864.5,NULL,4561.0,2252.99,390.0,147.7,5044.25,21246.8,NULL,NULL,5965.79
2004-2-2,1627.24,10505.1,NULL,8691.1,NULL,591.56,6336.0,864.5,NULL,4526.0,2243.83,385.0,143.7,5029.34,21150.3,NULL,NULL,5928.44
2004-2-3,1617.08,10454.5,NULL,8640.3,NULL,588.66,6351.0,851.3,NULL,4462.0,2234.67,381.0,145.7,5029.34,21054.0,NULL,NULL,5893.97
2004-2-4,1604.89,10408.1,NULL,8583.3,NULL,588.66,6367.0,847.4,NULL,4406.0,2225.51,377.0,149.8,5014.45,21165.1,NULL,NULL,5905.46
2004-2-5,1592.69,10368.0,NULL,8602.29,NULL,603.19,6382.0,887.7,NULL,4343.0,2215.21,373.0,161.3,5051.71,2157.8,NULL,NULL,5954.3
2004-2-6,1584.56,10329.3,NULL,8927.99,NULL,626.43,6398.0,935.0,NULL,4307.0,2204.9,369.0,154.5,5331.4,22308.7,NULL,NULL,6049.11
2004-2-7,1576.43,10285.7,NULL,9054.11,NULL,633.21,6421.0,972.4,NULL,4252.0,2194.6,365.0,143.7,5528.3,22714.6,NULL,NULL,6166.91
2004-2-8,1566.27,10245.6,NULL,8108.85,NULL,744.16,6444.0,1007.4,NULL,4209.0,2184.29,361.0,148.4,5622.13,23008.3,NULL,NULL,6241.16
2004-2-9,1560.18,10205.5,NULL,9738.1,NULL,736.96,6460.0,1067.3,NULL,4178.0,2176.42,357.0,162.0,6180.51,24332.4,NULL,NULL,6374.8
2004-2-10,1550.02,10188.6,NULL,10338.99,NULL,789.9,6475.0,1112.5,NULL,4116.0,2166.76,353.0,143.1,6990.13,25348.1,NULL,NULL,6587.04
2004-2-11,1539.85,10159.0,NULL,10653.12,NULL,802.37,6506.0,1156.7,NULL,4060.0,2181.67,350.0,140.4,7344.11,25796.9,NULL,NULL,6737.89
2004-2-12,1523.6,10116.9,NULL,10815.47,NULL,805.61,6514.0,1202.0,NULL,4017.0,2148.51,345.0,144.4,7574.42,26042.9,NULL,NULL,6847.73
2004-2-13,1509.37,10074.0,NULL,10989.74,NULL,811.1,6530.0,1238.7,NULL,3961.0,2138.85,341.0,151.8,7734.6,26215.6,NULL,NULL,6939.54
2004-2-14,1493.58,10028.3,NULL,11104.29,NULL,813.6,6561.0,1264.2,NULL,3906.0,2129.19,337.0,154.5,7863.99,26339.2,NULL,NULL,6999.7
2004-2-15,1479.81,9986.0,NULL,11168.98,NULL,813.6,6561.0,1281.6,NULL,3850.0,2119.53,333.0,149.8,7957.08,26438.3,NULL,NULL,7053.52
2004-2-16,1464.09,9943.9,NULL,11269.98,NULL,814.85,6095.0,1299.5,NULL,4110.0,2110.94,330.0,140.4,8046.06,26496.2,NULL,NULL,7101.27
2004-2-17,1448.36,9899.4,NULL,11338.77,NULL,814.85,5598.0,1314.2,NULL,4171.0,2102.35,327.0,151.8,8126.1,26545.8,NULL,NULL,7091.57
2004-2-18,1434.6,9851.0,NULL,11396.86,NULL,813.6,5102.0,1325.8,NULL,4215.0,2092.69,325.0,145.7,8187.59,26537.5,NULL,NULL,7127.13
2004-2-19,1422.8,9801.1,NULL,11469.69,NULL,812.35,4605.0,1334.2,NULL,4258.0,2084.1,323.0,145.7,8244.56,26487.9,NULL,NULL,7110.97
2004-2-20,1409.04,9754.4,NULL,11528.11,NULL,811.1,4272.0,1334.2,NULL,4246.0,2074.44,321.0,145.1,8254.07,26413.6,NULL,NULL,7078.84
2004-2-21,1395.27,9698.6,NULL,11553.71,NULL,808.61,4279.0,1346.9,NULL,3918.0,2064.78,320.0,141.1,8263.6,26322.7,NULL,NULL,7098.04
2004-2-22,1381.51,9633.5,NULL,11542.73,NULL,806.12,4287.0,1352.2,NULL,3514.0,2056.19,320.0,148.4,8258.83,26232.1,NULL,NULL,7078.84
2004-2-23,1367.75,9567.8,NULL,11509.83,NULL,803.62,4295.0,1355.4,NULL,3104.0,2046.53,320.0,144.4,8258.83,26141.5,NULL,NULL,7044.02
2004-2-24,1353.99,9502.6,NULL,11473.33,NULL,801.13,3799.0,1359.6,NULL,2991.0,2036.87,316.0,150.4,8282.66,26026.4,NULL,NULL,6996.53
2004-2-25,1340.23,9434.6,NULL,11385.96,NULL,798.63,3300.0,1361.6,NULL,2953.0,2027.21,313.0,146.4,8263.6,25919.8,NULL,NULL,6968.04
2004-2-26,1326.46,9366.9,NULL,11302.0,NULL,796.14,2918.0,1350.0,NULL,2919.0,2017.55,309.0,148.4,8263.6,25805.0,NULL,NULL,6933.21
2004-2-27,1310.73,9300.5,NULL,11255.52,NULL,793.64,2553.0,1342.7,NULL,2885.0,2007.89,306.0,147.7,8201.81,25690.5,NULL,NULL,6904.72
2004-2-28,1297.54,9242.4,NULL,11194.19,NULL,791.15,2317.0,1337.4,NULL,2784.0,1999.3,305.0,142.4,8102.51,25543.5,NULL,NULL,6860.4
2004-2-29,1284.34,9179.7,NULL,11111.47,NULL,788.66,2334.0,1332.1,NULL,2361.0,1988.57,305.0,141.1,8060.15,25396.8,NULL,NULL,6835.07
2004-3-1,1271.14,9117.8,NULL,11032.62,NULL,784.91,2347.0,1326.9,NULL,1884.0,1977.83,305.0,139.1,8022.59,25226.3,NULL,NULL,6790.75
2004-3-2,1257.95,9054.7,NULL,10932.68,NULL,781.17,1964.0,1322.7,NULL,1767.0,1967.1,305.0,140.4,8022.59,25088.5,NULL,NULL,6765.59
2004-3-3,1244.76,8989.9,NULL,10858.02,NULL,784.91,1577.0,1336.4,NULL,1747.0,1958.83,302.0,139.1,8046.06,25080.4,NULL,NULL,6734.81
2004-3-4,1233.45,8926.6,NULL,10867.51,NULL,788.66,1195.0,1360.6,NULL,1895.0,1950.75,298.0,144.4,8173.37,25274.9,NULL,NULL,6765.59
2004-3-5,1220.25,8864.2,NULL,10843.83,NULL,788.66,783.0,1366.9,NULL,2158.0,1940.66,294.0,145.1,8216.05,25307.5,NULL,NULL,6734.81
2004-3-6,1207.05,8804.5,NULL,10790.68,NULL,787.41,753.0,1368.0,NULL,2161.0,1930.56,293.0,138.4,8225.54,25283.1,NULL,NULL,6803.41
2004-3-7,1193.85,8744.7,NULL,10737.67,NULL,787.41,765.0,1372.2,NULL,2041.0,1920.47,293.0,145.7,8330.4,25470.1,NULL,NULL,6771.75
2004-3-8,1180.66,8692.2,NULL,10684.79,NULL,787.41,778.0,1374.3,NULL,1981.0,1912.39,293.0,145.7,8445.59,25666.0,NULL,NULL,6784.42
2004-3-9,1167.46,8634.1,NULL,10635.55,NULL,787.41,795.0,1382.7,NULL,1925.0,1904.31,293.0,143.7,8503.5,25813.2,NULL,NULL,6806.58
2004-3-10,1154.26,8575.6,NULL,10568.9,NULL,786.16,808.0,1386.9,NULL,1865.0,NULL,293.0,145.1,8571.32,25854.2,NULL,NULL,6793.91
2004-3-11,1141.07,8517.7,NULL,10488.5,NULL,784.91,821.0,1399.6,NULL,1813.0,1884.12,289.0,147.7,8595.61,25821.4,NULL,NULL,6762.52
2004-3-12,1127.87,8458.6,NULL,10415.35,NULL,783.67,834.0,1401.7,NULL,1777.0,1876.05,284.0,141.7,8595.61,25780.5,NULL,NULL,6728.65
2004-3-13,1115.09,8399.5,NULL,10304.37,NULL,781.17,847.0,1403.8,NULL,1698.0,1865.95,279.0,146.4,8629.68,25755.9,NULL,NULL,6697.87
2004-3-14,1102.61,8344.9,NULL,10204.31,NULL,778.68,860.0,1404.8,NULL,1636.0,1856.87,275.0,146.4,8649.18,25698.7,NULL,NULL,6670.16
2004-3-15,1090.13,8290.7,NULL,10125.29,NULL,776.18,860.0,1404.8,NULL,1573.0,1846.77,273.0,143.7,8668.7,25600.7,NULL,NULL,6642.45
2004-3-16,1077.66,8236.4,NULL,9957.95,NULL,773.6,516.0,1403.8,NULL,1787.0,1836.67,273.0,146.4,8654.05,25478.3,NULL,NULL,6602.43
2004-3-17,1063.4,8164.0,NULL,9829.13,NULL,771.19,533.0,1400.7,NULL,1770.0,1826.58,273.0,140.4,8649.18,25356.2,NULL,NULL,6574.73
2004-3-18,1049.14,8090.4,NULL,9751.56,NULL,768.7,546.0,1397.4,NULL,1711.0,1817.49,268.0,141.1,8639.42,25250.6,NULL,NULL,6540.86
2004-3-19,1036.66,8012.7,NULL,9607.35,NULL,766.21,559.0,1395.3,NULL,1655.0,1808.41,264.0,134.5,8581.03,25153.3,NULL,NULL,6507.0
2004-3-20,1022.4,7932.7,NULL,8403.42,NULL,762.46,568.0,1392.2,NULL,1596.0,1799.32,260.0,127.3,8489.0,25015.7,NULL,NULL,6466.98
2004-3-21,1009.92,7855.1,NULL,8288.02,NULL,761.22,580.0,1390.1,NULL,1534.0,1789.23,256.0,126.7,8493.83,24934.9,NULL,NULL,6434.2
2004-3-22,997.45,7780.9,NULL,9223.62,NULL,757.47,593.0,1388.0,NULL,1471.0,1779.13,252.0,131.9,8498.67,24878.4,NULL,NULL,6404.5
2004-3-23,984.97,7704.8,NULL,9096.34,NULL,754.98,606.0,1384.9,NULL,1414.0,1770.04,247.0,130.6,8450.41,24757.5,NULL,NULL,6374.8
2004-3-24,970.71,7626.5,NULL,8953.79,NULL,752.61,615.0,1380.5,NULL,1352.0,1761.02,242.0,128.0,8349.55,24669.0,NULL,NULL,6345.11
2004-3-25,956.45,7548.3,NULL,8831.58,NULL,751.5,623.0,1377.5,NULL,1287.0,1751.5,237.0,127.3,8273.12,24604.7,NULL,NULL,6315.41
2004-3-26,943.97,7465.9,NULL,8700.64,NULL,749.26,641.0,1377.4,NULL,1235.0,1741.99,232.0,126.0,8273.12,24572.6,NULL,NULL,6285.71
2004-3-27,932.23,7390.8,NULL,8687.92,NULL,778.68,662.0,1404.8,NULL,1186.0,1732.47,228.0,128.6,8163.91,24669.0,NULL,NULL,6303.53
2004-3-28,922.15,7314.5,NULL,8675.21,NULL,843.53,679.0,1452.2,NULL,1129.0,1723.91,102.89,130.6,8225.54,25096.6,NULL,NULL,6377.77
2004-3-29,912.08,7236.8,NULL,8729.3,NULL,890.91,697.0,1496.1,NULL,1069.0,1715.35,219.0,131.2,8402.3,25519.0,NULL,NULL,6482.37
2004-3-30,900.33,7174.0,NULL,8764.39,NULL,935.22,714.0,1546.3,NULL,1009.0,1705.83,215.0,133.2,8537.37,25854.2,NULL,NULL,6599.36
2004-3-31,888.58,7121.6,NULL,8940.89,NULL,1008.59,735.0,1592.9,NULL,955.0,1697.27,211.0,131.2,8884.98,26314.5,NULL,NULL,6866.73
2004-4-1,876.83,7059.9,NULL,9047.62,NULL,1043.94,753.0,1639.4,NULL,899.0,1688.71,208.0,131.9,9074.04,26603.8,NULL,NULL,7050.35
2004-4-2,863.4,6998.0,NULL,9135.41,NULL,1107.05,477.0,1681.4,NULL,987.0,1680.14,205.0,126.0,9250.06,26811.1,NULL,NULL,7256.42
2004-4-3,851.65,6923.4,NULL,9236.72,NULL,1144.61,284.0,1727.3,NULL,1224.0,1669.68,205.0,131.2,9412.57,26977.3,NULL,NULL,7411.58
2004-4-4,865.08,6881.2,NULL,8555.27,NULL,1235.12,374.0,1775.7,NULL,1186.0,1660.16,211.0,127.3,9883.04,27403.0,NULL,NULL,7784.35
2004-4-5,858.36,6824.4,NULL,9907.0,NULL,1268.31,430.0,1820.4,NULL,1184.0,1650.65,211.0,122.2,10237.38,27671.4,NULL,NULL,8051.32
2004-4-6,848.29,6767.6,NULL,10073.92,NULL,1285.71,464.0,1865.0,NULL,1060.0,1642.09,211.0,129.9,10479.18,27865.0,NULL,NULL,8300.15
2004-4-7,838.22,6705.3,NULL,10276.72,NULL,1296.77,495.0,1908.4,NULL,1020.0,1632.57,211.0,124.8,10636.64,28000.0,NULL,NULL,8509.41
2004-4-8,828.15,6641.5,NULL,10411.87,NULL,1301.51,520.0,1960.8,NULL,956.0,1623.06,211.0,121.5,10756.95,28118.3,NULL,NULL,8711.17
2004-4-9,814.72,6590.6,NULL,10523.42,NULL,1273.06,542.0,2005.3,NULL,899.0,1613.54,211.0,122.8,10916.68,28143.7,NULL,NULL,8875.07
2004-4-10,802.97,6537.1,NULL,10656.64,NULL,1296.77,563.0,2050.0,NULL,838.0,1604.03,211.0,127.3,10988.7,28143.7,NULL,NULL,8974.61
2004-4-11,789.54,6480.6,NULL,10716.5,NULL,1312.57,589.0,2093.3,NULL,781.0,NULL,211.0,129.3,11083.28,28118.3,NULL,NULL,9063.1
2004-4-12,776.11,6426.9,NULL,10780.07,NULL,1322.06,611.0,2133.8,NULL,725.0,NULL,211.0,131.9,11161.51,28092.9,NULL,NULL,9215.35
2004-4-13,763.68,6363.5,NULL,10822.55,NULL,1165.65,623.0,2168.7,NULL,675.0,1576.44,211.0,124.8,11234.41,28050.7,NULL,NULL,9275.67
2004-4-14,752.8,6293.3,NULL,10836.73,NULL,1170.31,271.0,2196.7,NULL,678.0,NULL,211.0,128.6,11296.31,28025.3,NULL,NULL,9324.68
2004-4-15,740.37,6226.5,NULL,10900.65,NULL,1175.05,NULL,2220.4,NULL,1199.0,1257.36,207.0,125.4,11364.05,27949.3,NULL,NULL,9388.77
2004-4-16,729.49,6163.0,NULL,10993.31,NULL,1187.7,NULL,2241.4,NULL,1691.0,1548.41,204.0,120.9,11386.68,27881.9,NULL,NULL,9520.72
2004-4-17,718.61,6113.0,NULL,11039.78,NULL,1194.02,NULL,2273.7,NULL,2213.0,1541.25,200.0,126.7,11386.68,27738.7,NULL,NULL,9585.76
2004-4-18,706.18,6066.2,NULL,11039.78,NULL,1200.34,NULL,2301.4,NULL,2702.0,1533.19,196.0,129.3,11358.4,27679.9,NULL,NULL,9561.32
2004-4-19,706.18,6019.4,NULL,11072.01,NULL,1206.67,NULL,2329.0,NULL,3001.0,1525.14,197.0,129.3,11415.0,27553.9,NULL,NULL,9713.02
2004-4-20,696.85,5972.0,NULL,11068.43,NULL,1206.67,NULL,2344.4,NULL,3073.0,1515.29,193.0,128.6,11449.04,27411.4,NULL,NULL,9759.29
2004-4-21,684.42,5916.4,NULL,11064.84,NULL,1208.25,NULL,2359.7,NULL,3035.0,1505.45,189.0,129.0,11477.44,27244.2,NULL,NULL,9790.14
2004-4-22,671.99,5868.6,NULL,11043.36,NULL,1209.83,NULL,2368.9,NULL,2982.0,1495.6,186.0,128.6,11454.72,27135.7,NULL,NULL,9817.13
2004-4-23,662.67,5819.0,NULL,11036.2,NULL,1209.83,NULL,2375.1,NULL,2924.0,1486.65,182.0,129.3,11420.67,27010.7,NULL,NULL,9809.42
2004-4-24,651.79,5766.6,NULL,11039.78,NULL,1216.15,NULL,2381.2,NULL,2871.0,1476.81,179.0,128.6,11432.01,26885.9,NULL,NULL,9820.99
2004-4-25,640.91,5712.6,NULL,11004.02,NULL,1219.31,NULL,2388.9,NULL,2813.0,1467.86,175.0,129.9,11409.33,26852.6,NULL,NULL,9840.27
2004-4-26,631.59,5654.8,NULL,10961.19,NULL,1222.47,NULL,2398.1,NULL,2750.0,1458.01,172.0,127.3,11364.05,26769.6,NULL,NULL,9832.56
2004-4-27,622.27,5591.8,NULL,10889.99,NULL,1227.22,NULL,2413.4,NULL,2683.0,1448.17,168.0,126.7,11330.15,26620.3,NULL,NULL,9832.56
2004-4-28,613.68,5532.9,NULL,10989.74,NULL,1276.22,NULL,2454.9,NULL,2625.0,1439.22,165.0,128.6,11505.89,26670.0,NULL,NULL,10035.5
2004-4-29,603.82,5469.7,NULL,11025.47,NULL,1292.02,NULL,2485.6,NULL,2598.0,1428.48,161.0,129.3,11466.08,26636.9,NULL,NULL,10094.68
2004-4-30,593.97,5395.4,NULL,11021.89,NULL,1301.51,NULL,2502.5,NULL,2522.0,1419.53,157.0,135.1,11443.36,26512.7,NULL,NULL,10106.52
2004-5-1,584.12,5319.4,NULL,11018.32,NULL,1306.25,NULL,2513.2,NULL,2462.0,1411.47,153.0,133.2,11443.36,26446.6,NULL,NULL,10153.86
2004-5-2,572.86,5239.7,NULL,10996.88,NULL,1250.93,NULL,2522.4,NULL,2403.0,1400.8,150.0,135.1,11398.0,26322.8,NULL,NULL,10197.26
2004-5-3,561.6,5157.8,NULL,10911.32,NULL,1252.51,NULL,2531.6,NULL,2344.0,1390.16,146.0,132.5,11330.15,26199.1,NULL,NULL,10189.37
2004-5-4,551.75,5072.9,NULL,10744.73,NULL,1239.86,NULL,2539.3,NULL,2264.0,1381.76,142.0,128.0,11251.28,26042.9,NULL,NULL,10205.16
2004-5-5,540.49,4984.7,NULL,10688.31,NULL,1252.51,NULL,2530.1,NULL,2192.0,1371.69,138.0,127.3,11279.41,25903.4,NULL,NULL,10185.43
2004-5-6,527.82,4895.4,NULL,10632.03,NULL,1258.83,NULL,2548.5,NULL,2131.0,1363.3,134.0,133.2,11262.53,25764.1,NULL,NULL,10165.7
2004-5-7,516.56,4808.4,NULL,10607.46,NULL,1263.57,NULL,2560.8,NULL,2064.0,1354.07,130.0,133.8,11301.95,25625.1,NULL,NULL,10130.19
2004-5-8,505.3,4720.4,NULL,10589.92,NULL,1265.15,NULL,2573.7,NULL,2006.0,1345.67,127.0,127.3,11285.04,25494.5,NULL,NULL,10094.68
2004-5-9,495.45,4631.8,NULL,10565.4,NULL,1268.31,NULL,2586.7,NULL,1948.0,1336.44,124.0,132.5,11301.95,25339.9,NULL,NULL,10098.63
2004-5-10,484.19,4544.7,NULL,10565.4,NULL,1269.89,NULL,2599.8,NULL,1880.0,1328.05,121.0,134.5,11307.58,25161.3,NULL,NULL,NULL
2004-5-11,472.48,4467.5,NULL,10572.4,NULL,1269.89,NULL,2601.4,NULL,1803.0,1317.97,118.0,135.1,11189.52,24991.4,NULL,NULL,NULL
2004-5-12,462.49,4409.4,NULL,10554.89,NULL,1271.48,NULL,2599.8,NULL,1737.0,1309.58,114.0,125.4,11155.91,24797.7,NULL,NULL,9956.59
2004-5-13,451.26,4348.4,NULL,10512.93,NULL,1271.48,NULL,2599.8,NULL,1675.0,1301.19,110.0,133.8,11111.18,24701.2,NULL,NULL,9928.97
2004-5-14,441.27,4285.6,NULL,10491.99,NULL,1269.89,NULL,2598.1,NULL,1606.0,1290.28,106.0,134.5,11324.51,26869.2,NULL,NULL,9909.68
2004-5-15,430.03,4222.5,NULL,10491.99,NULL,1269.89,NULL,2594.9,NULL,1537.0,1280.21,102.0,134.5,11318.87,27219.1,NULL,NULL,9886.55
2004-5-16,418.79,4159.7,NULL,10432.74,NULL,1268.31,NULL,2590.0,NULL,1471.0,1270.13,97.0,131.2,11324.51,27277.6,NULL,NULL,9859.55
2004-5-17,410.06,4097.6,NULL,10411.87,NULL,1266.73,NULL,2581.9,NULL,1408.0,1260.06,92.0,130.6,11614.34,27394.7,NULL,NULL,9805.57
2004-5-18,400.07,4039.9,NULL,10363.26,NULL,1268.31,NULL,2573.7,NULL,1349.0,1250.83,88.0,132.5,11867.67,27453.3,NULL,NULL,9755.43
2004-5-19,391.33,3978.8,NULL,10332.06,NULL,1268.31,NULL,2565.6,NULL,1281.0,1241.6,83.0,128.6,11902.45,27495.2,NULL,NULL,9705.3
2004-5-20,381.34,3916.6,NULL,10290.54,NULL,1269.89,NULL,2562.3,NULL,1210.0,1232.36,78.0,127.3,11966.36,27503.6,NULL,NULL,9662.88
2004-5-21,392.58,3884.3,NULL,10586.42,NULL,1228.8,NULL,2563.9,NULL,1186.0,1230.69,83.0,132.5,12247.49,27503.6,NULL,NULL,9790.14
2004-5-22,452.5,3961.7,NULL,11011.17,NULL,1252.51,NULL,2556.2,NULL,1115.0,1231.52,91.0,122.2,12820.75,27570.7,NULL,NULL,10031.55
2004-5-23,505.3,4049.8,NULL,11466.04,NULL,1258.83,NULL,2540.8,NULL,1069.0,126.29,94.0,133.8,13427.44,27671.5,NULL,NULL,10272.23
2004-5-24,588.34,4131.0,NULL,11733.74,NULL,1260.41,NULL,2557.7,NULL,1005.0,1244.95,97.0,133.8,13802.89,27671.5,NULL,NULL,10497.11
2004-5-25,673.54,4212.2,NULL,11948.61,NULL,1274.64,NULL,2591.6,NULL,955.0,1241.6,105.0,131.2,14050.1,27553.9,NULL,NULL,10707.03
2004-5-26,732.6,4339.8,NULL,12094.18,NULL,1284.12,NULL,2591.6,NULL,888.0,1234.88,105.0,132.5,14222.71,27495.2,NULL,NULL,10842.87
2004-5-27,763.68,4394.9,NULL,12244.38,NULL,1290.44,NULL,2594.9,NULL,834.0,1229.85,100.0,132.5,14344.9,27495.2,NULL,NULL,10900.69
2004-5-28,777.79,4409.4,NULL,12259.46,NULL,1295.19,NULL,2591.6,NULL,779.0,1223.24,95.0,133.2,14519.57,27621.1,NULL,NULL,10950.26
2004-5-29,782.82,4415.2,NULL,12452.42,NULL,1299.93,NULL,2575.3,NULL,747.0,1216.94,90.0,133.2,14656.26,27688.3,NULL,NULL,10979.17
2004-5-30,794.57,4479.0,NULL,12543.74,NULL,1318.9,NULL,2568.8,NULL,701.0,1210.65,91.0,129.9,14774.01,27679.9,NULL,NULL,10950.26
2004-5-31,801.29,4577.6,NULL,12662.19,NULL,1254.09,NULL,2565.6,NULL,634.0,1202.78,89.0,132.5,14964.86,27839.8,NULL,NULL,10958.52
2004-6-1,818.07,4595.0,NULL,12704.36,NULL,1317.32,0.13,2572.1,NULL,586.0,1194.91,95.0,130.6,15170.43,28253.7,NULL,NULL,10908.95
2004-6-2,831.5,4583.4,NULL,12773.5,NULL,1263.57,125.0,2568.8,NULL,532.0,1185.47,96.0,130.6,15310.6,28364.0,NULL,NULL,10913.08
2004-6-3,836.54,4566.0,NULL,12800.44,NULL,1252.51,202.0,2565.6,NULL,497.0,1178.39,93.0,129.3,15384.32,28296.1,NULL,NULL,10913.08
2004-6-4,836.54,4606.6,NULL,12869.85,NULL,1247.76,292.0,2570.5,NULL,320.0,1178.39,89.0,129.9,15451.52,28126.7,NULL,NULL,10871.78
2004-6-5,836.54,4638.5,NULL,12889.16,NULL,1254.09,387.0,2563.9,NULL,315.0,1177.61,89.0,134.5,15545.88,27932.5,NULL,NULL,10888.3
2004-6-6,831.5,4658.8,NULL,12904.62,NULL,1258.83,310.0,2557.7,NULL,649.0,1172.89,89.0,131.2,15593.19,27764.0,NULL,NULL,10830.47
2004-6-7,823.11,4655.9,NULL,12896.89,NULL,1261.99,206.0,2551.6,NULL,771.0,1168.16,89.0,133.8,15627.03,27587.5,NULL,NULL,10793.3
2004-6-8,819.75,4740.0,NULL,12862.13,NULL,1265.15,193.0,2572.1,NULL,830.0,1188.62,94.0,126.7,15674.0,27169.0,NULL,NULL,10743.74
2004-6-9,808.07,4754.5,NULL,12812.0,NULL,1266.73,NULL,2563.9,NULL,955.0,1224.02,94.0,124.8,157492.0,27069.0,NULL,NULL,10670.7
2004-6-10,814.72,4760.3,NULL,12812.0,NULL,1269.89,NULL,2559.3,NULL,1207.0,1246.63,94.0,126.0,15749.2,27177.4,NULL,NULL,10666.66
2004-6-11,811.36,4780.6,NULL,12823.56,NULL,1269.89,NULL,2559.3,NULL,1501.0,1255.86,94.0,128.6,15810.5,27119.0,NULL,NULL,10618.22
2004-6-12,811.36,4827.0,NULL,12831.27,NULL,1269.89,NULL,2560.8,NULL,1747.0,1257.54,94.0,133.8,15837.78,27127.3,NULL,NULL,10553.63
2004-6-13,809.68,4922.7,NULL,12823.56,NULL,1269.89,NULL,2563.9,NULL,1708.0,1255.86,94.0,132.5,15844.61,27110.6,NULL,NULL,10739.61
2004-6-14,806.32,5035.8,NULL,12769.66,NULL,1269.89,NULL,2563.9,NULL,1659.0,1253.35,93.0,132.5,15871.93,27077.3,NULL,NULL,10436.56
2004-6-15,804.65,5111.2,NULL,12746.59,NULL,1269.89,NULL,2563.9,NULL,1606.0,1248.31,93.0,128.6,15871.93,27010.7,NULL,NULL,10376.0
2004-6-16,797.93,5157.6,NULL,12712.03,NULL,1268.31,99.0,2557.7,NULL,1547.0,1243.28,92.0,131.9,15878.76,26935.8,NULL,NULL,10315.63
2004-6-17,787.86,5183.7,NULL,12669.86,NULL,1268.31,198.0,2556.2,NULL,1492.0,1236.56,92.0,131.2,15919.81,26852.6,NULL,NULL,10252.5
2004-6-18,776.11,5204.0,NULL,12643.05,NULL,1268.31,292.0,2550.0,NULL,1445.0,1230.69,92.0,131.2,15844.61,26769.6,NULL,NULL,10153.86
2004-6-19,769.89,5209.8,NULL,12635.4,NULL,1266.73,374.0,2545.4,NULL,1397.0,1224.81,95.0,128.0,15844.61,26670.0,NULL,NULL,10102.57
2004-6-20,763.68,5198.2,NULL,12600.99,NULL,1265.15,456.0,2542.4,NULL,1343.0,NULL,95.0,119.6,15837.78,26578.9,NULL,NULL,10007.88
2004-6-21,759.01,5192.4,NULL,12627.75,NULL,1263.57,524.0,2539.3,NULL,1281.0,1217.79,95.0,133.8,15790.05,26454.9,NULL,NULL,9996.04
2004-6-22,763.68,5209.8,NULL,12650.71,NULL,1265.15,679.0,2537.8,NULL,1230.0,1207.5,101.56,126.0,15803.68,26347.5,NULL,NULL,10078.9
2004-6-23,766.78,5224.3,NULL,12662.19,NULL,1265.15,774.0,2534.7,NULL,1186.0,1200.42,101.0,117.7,15810.5,26256.8,NULL,NULL,10102.57
2004-6-24,765.23,5227.2,NULL,12681.35,NULL,1265.15,851.0,2531.6,NULL,1131.0,1193.34,101.0,120.9,15769.62,26256.8,NULL,NULL,10122.3
2004-6-25,760.57,5221.4,NULL,12654.54,NULL,1265.15,920.0,2523.9,NULL,1071.0,1187.05,100.0,112.1,15701.62,26174.4,NULL,NULL,10063.12
2004-6-26,755.91,5209.8,NULL,12643.05,NULL,1265.15,980.0,2519.3,NULL,1020.0,1179.18,100.0,115.2,15606.72,26067.5,NULL,NULL,10019.71
2004-6-27,751.24,5195.3,NULL,12669.86,NULL,1263.57,1040.0,2513.2,NULL,964.0,1171.31,100.0,122.2,15532.38,25977.2,NULL,NULL,9972.37
2004-6-28,745.03,5180.8,NULL,12681.35,NULL,1261.99,1096.0,2507.1,NULL,925.0,1163.44,100.0,122.8,15451.52,25805.0,NULL,NULL,9909.68
2004-6-29,732.6,5154.7,NULL,12673.69,NULL,1261.99,1148.0,2497.9,NULL,878.0,1156.36,100.0,123.5,15350.79,25657.8,NULL,NULL,9813.28
2004-6-30,717.06,5108.3,NULL,12631.57,NULL,NULL,1229.0,2481.0,NULL,799.0,1154.79,99.0,120.3,15283.7,25364.3,NULL,NULL,9665.24
2004-7-1,704.62,5082.2,NULL,12643.05,NULL,1255.67,1049.0,2459.5,NULL,842.0,1414.16,99.0,115.8,15203.7,25356.1,NULL,NULL,9599.14
2004-7-2,786.18,7142.6,NULL,13937.35,NULL,1216.15,10905.0,2477.9,NULL,1929.0,1833.65,597.0,115.8,15391.0,26878.0,NULL,NULL,10192.86
2004-7-3,928.87,9825.7,NULL,15846.86,NULL,1187.7,30749.0,2487.1,NULL,2948.0,2389.23,1104.0,163.0,16584.7,27235.8,NULL,NULL,11533.4
2004-7-4,1111.52,11578.2,NULL,15501.67,NULL,1260.41,45039.0,2476.8,NULL,3120.0,2360.61,1094.0,185.0,17316.1,27865.0,NULL,NULL,11762.71
2004-7-5,1303.19,12254.4,NULL,14329.56,NULL,NULL,50684.0,2473.3,NULL,3207.0,2255.28,1046.0,128.0,18661.1,28406.0,NULL,NULL,11886.26
2004-7-6,1440.49,12512.0,NULL,13619.16,NULL,1181.37,52269.0,2471.7,NULL,3443.0,2217.5,1050.0,127.0,19229.58,28288.0,NULL,NULL,11974.51
2004-7-7,1519.53,12581.0,NULL,15450.85,NULL,1265.15,52903.0,2508.6,NULL,3683.0,2241.54,1048.0,140.0,19761.48,27882.0,NULL,NULL,11988.04
2004-7-8,1554.08,12599.4,NULL,15341.05,NULL,1280.96,53820.0,2533.1,NULL,3949.0,2339.46,1026.0,174.0,2000.0,27478.0,NULL,NULL,11988.04
2004-7-9,1651.63,12608.6,NULL,15206.44,NULL,1263.57,54204.0,2560.78,NULL,42.33,2381.82,1009.0,159.3,20074.0,27637.9,NULL,NULL,11978.92
2004-7-10,1680.08,12594.8,NULL,15303.13,NULL,1261.99,54304.0,2581.85,NULL,4590.0,2377.24,985.0,159.3,202089.0,27730.0,NULL,NULL,11983.48
2004-7-11,1754.57,12590.2,NULL,15315.76,NULL,1263.57,54471.0,2624.17,NULL,4836.0,2362.35,961.0,161.3,20137.0,27881.9,NULL,NULL,11956.88
2004-7-12,1777.62,12567.2,NULL,15311.55,NULL,1273.06,54454.0,2635.6,NULL,5032.0,2353.2,NULL,160.6,20199.52,27991.6,NULL,NULL,11912.73
2004-7-13,1792.29,12530.4,NULL,15256.85,NULL,1280.96,54404.0,2638.8,NULL,5315.0,2304.51,929.0,163.4,20207.39,27949.4,NULL,NULL,11864.2
2004-7-14,1809.06,12466.0,NULL,15248.44,NULL,1288.86,54221.0,2620.9,NULL,5769.0,2280.46,886.0,137.8,20089.5,27646.3,NULL,NULL,11802.42
2004-7-15,1813.25,12452.2,NULL,15286.29,NULL,1290.44,54154.0,2614.4,NULL,5906.0,2290.77,880.0,133.2,20089.47,27637.9,NULL,NULL,11780.36
2004-7-16,1842.59,12406.2,NULL,15290.5,NULL,1292.02,54070.0,2620.9,NULL,6179.0,2325.12,863.0,131.2,19995.43,27553.9,NULL,NULL,11705.35
2004-7-17,1848.87,12360.2,NULL,15290.5,NULL,1288.86,53937.0,2614.4,NULL,6235.0,2359.46,866.0,149.1,19940.7,27461.7,NULL,NULL,11670.05
2004-7-18,1853.07,12351.0,NULL,14110.66,NULL,1293.61,54137.0,2606.3,NULL,6364.0,2400.68,899.0,160.6,19886.05,27386.3,NULL,NULL,11595.03
2004-7-19,1859.35,12337.2,NULL,14110.66,NULL,1306.25,54070.0,2609.5,NULL,6404.0,2529.6,912.0,161.3,19784.81,27286.0,NULL,NULL,11630.33
2004-7-20,1871.93,12300.4,NULL,14123.05,NULL,1279.38,53904.0,2638.8,NULL,6468.0,2279.32,917.0,160.6,19831.5,27194.1,NULL,NULL,11656.81
2004-7-21,1863.54,12254.4,NULL,15193.85,NULL,1295.19,53703.0,2643.7,NULL,6509.0,2212.92,900.0,155.2,19738.18,27085.7,NULL,NULL,11603.86
2004-7-22,1863.54,12217.6,NULL,15151.93,NULL,1293.61,53537.0,2645.3,NULL,6501.0,2262.15,878.0,155.2,19637.38,26977.4,NULL,NULL,11550.91
2004-7-23,1874.02,12180.8,NULL,15156.12,NULL,1290.44,53387.0,2643.7,NULL,6380.0,2310.23,854.0,159.3,19575.5,26844.3,NULL,NULL,11477.86
2004-7-24,1878.21,12194.6,NULL,14036.31,NULL,1290.44,53370.0,2642.1,NULL,6227.0,2346.87,849.0,177.3,19429.0,26529.3,NULL,NULL,11418.04
2004-7-25,1894.98,12162.4,NULL,15126.8,NULL,1285.7,53203.0,2640.4,NULL,6187.0,2364.04,848.0,157.2,19244.88,26215.6,NULL,NULL,11349.68
2004-7-26,1899.17,12134.8,NULL,15084.97,NULL,1279.38,52970.0,2638.8,NULL,6123.0,2352.59,844.0,155.2,19107.47,25928.0,NULL,NULL,11281.32
2004-7-27,1901.26,12093.4,NULL,15034.85,NULL,1273.06,52753.0,2642.1,NULL,5994.0,2388.09,831.0,152.5,18947.9,25805.0,NULL,NULL,11217.24
2004-7-28,1886.6,12042.8,NULL,15001.49,NULL,1266.73,52536.0,2647.0,NULL,5849.0,2388.09,814.0,154.5,18826.84,25641.4,NULL,NULL,11140.33
2004-7-29,1974.04,12121.0,NULL,14972.32,NULL,1279.38,53036.0,2663.2,NULL,5881.0,2279.32,861.0,160.6,18623.61,25494.5,NULL,NULL,11093.8
2004-7-30,2038.74,12107.2,NULL,14955.67,NULL,1274.64,53086.0,2647.0,NULL,5737.0,2273.6,878.0,149.1,18541.18,25348.1,NULL,NULL,11010.67
2004-7-31,2092.66,12217.6,NULL,13821.54,NULL,1266.73,53170.0,2650.2,NULL,5644.0,2321.68,861.0,155.2,18406.77,25218.1,NULL,NULL,10940.0
2004-8-1,2118.53,12222.2,NULL,13792.63,NULL,1257.25,53086.0,2653.5,NULL,5491.0,2357.17,841.0,153.8,18295.19,25031.8,NULL,NULL,10873.5
2004-8-2,2129.32,12208.4,NULL,14868.4,NULL,1254.09,52970.0,2664.9,NULL,5369.0,2385.8,821.0,128.0,18191.42,24838.0,NULL,NULL,10815.31
2004-8-3,2164.59,12190.0,NULL,14847.65,NULL,1261.99,52836.0,2651.8,NULL,5246.0,2409.99,814.0,129.3,18124.89,NULL,NULL,NULL,10831.93
2004-8-4,2195.62,12157.8,NULL,14806.21,NULL,1266.73,52719.0,2645.3,NULL,5131.0,2427.08,797.0,126.7,18117.5,24572.6,NULL,NULL,10840.25
2004-8-5,2233.29,12130.2,NULL,14773.1,NULL,1266.73,52603.0,2637.2,NULL,4970.0,2430.74,782.0,126.0,18169.22,24412.3,NULL,NULL,NULL
2004-8-6,2248.8,12098.0,NULL,14740.03,NULL,1263.57,52452.0,2633.9,NULL,5009.0,2433.18,787.0,126.7,18110.12,24252.6,NULL,NULL,10865.19
2004-8-7,2259.88,12065.8,NULL,13594.38,NULL,1254.09,52236.0,2637.2,NULL,5047.0,2430.74,787.0,131.2,17977.56,24101.2,NULL,NULL,10881.81
2004-8-8,2282.04,12029.0,NULL,14653.39,NULL,1246.18,51985.0,2638.8,NULL,5101.0,2428.3,812.0,134.5,17860.2,23894.8,NULL,NULL,10885.97
2004-8-9,2301.98,12001.4,NULL,14608.11,NULL,1235.12,51719.0,2642.1,NULL,5154.0,2422.19,819.0,126.7,17736.0,23720.8,NULL,NULL,10873.5
2004-8-10,2310.84,11973.8,NULL,14571.12,NULL,1228.8,51468.0,2643.7,NULL,5169.0,2414.87,798.0,129.3,17626.85,23500.4,NULL,NULL,NULL
2004-8-11,2324.14,11946.2,NULL,14341.99,NULL,1298.35,51085.0,2653.47,NULL,5108.0,2405.26,767.0,129.0,17765.0,23156.1,NULL,NULL,10910.02
2004-8-12,2391.55,11964.6,NULL,14163.23,NULL,1292.02,50951.0,2637.2,NULL,5047.0,2391.52,758.0,128.0,19793.0,24196.8,NULL,NULL,10992.63
2004-8-13,2425.73,11955.4,NULL,14042.0,NULL,1303.09,50868.0,2632.3,NULL,5039.0,2384.65,753.0,123.0,20262.56,24556.6,NULL,NULL,10976.11
2004-8-14,2491.8,12006.0,NULL,13809.09,NULL,1303.09,50718.0,2619.3,NULL,5062.0,2373.2,785.0,109.5,20771.11,24652.9,NULL,NULL,10918.28
2004-8-15,2528.25,12047.4,NULL,12487.49,NULL,1282.54,50501.0,2612.8,NULL,5047.0,2359.46,785.0,124.1,21020.15,24652.9,NULL,NULL,10868.72
2004-8-16,2551.03,12075.0,NULL,13412.09,NULL,1255.67,50217.0,2614.4,NULL,5039.0,2345.72,798.0,122.8,21254.72,24596.6,NULL,NULL,10934.8
2004-8-17,2555.59,12102.6,NULL,13161.04,NULL,1274.64,49950.0,2627.4,NULL,5016.0,2331.99,782.0,122.8,21262.84,24532.5,NULL,NULL,11066.98
2004-8-18,2566.98,12121.0,NULL,12931.7,NULL,1288.86,49650.0,2656.7,NULL,5231.0,2317.1,765.0,121.5,20955.71,24725.2,NULL,NULL,11136.06
2004-8-19,2571.54,12139.4,NULL,12719.71,NULL,1288.86,49333.0,2658.4,NULL,5445.0,2301.07,744.0,123.5,20963.76,24789.7,NULL,NULL,11221.51
2004-8-20,2585.0,12222.2,NULL,12547.56,NULL,1293.61,49183.0,2651.8,NULL,5721.0,2287.33,834.0,118.0,21084.7,24830.0,NULL,NULL,11413.77
2004-8-21,2585.0,12401.6,NULL,12433.44,NULL,1290.44,49033.0,2648.6,NULL,5946.0,2277.03,878.0,107.1,21392.96,24846.1,NULL,NULL,11469.31
2004-8-22,2573.81,12401.6,NULL,12372.78,NULL,1307.83,48894.0,2632.3,NULL,6211.0,2261.0,905.0,119.6,21687.46,24805.8,NULL,NULL,11595.03
2004-8-23,2571.54,12452.2,NULL,12289.63,NULL,1314.15,48614.0,2622.5,NULL,6508.0,2244.97,922.0,124.0,20915.0,24588.6,NULL,NULL,11762.71
2004-8-24,2778.87,12622.4,NULL,13254.91,NULL,1214.57,50734.0,2614.4,NULL,6749.0,2217.5,934.0,90.0,22975.0,30178.0,NULL,NULL,12129.38
2004-8-25,2585.0,13422.8,NULL,197.35,NULL,1004.44,58037.0,2710.44,NULL,7115.0,2207.19,1149.0,118.0,22644.0,30273.8,NULL,NULL,12070.11
2004-8-26,2580.65,13568.4,NULL,13106.44,NULL,1189.28,60554.0,2689.28,NULL,7348.0,2206.05,1096.0,60.0,22009.0,30693.0,NULL,NULL,11983.48
2004-8-27,2573.81,13509.0,NULL,12815.85,NULL,1287.28,61094.0,2684.4,NULL,7568.0,2211.77,1100.0,45.0,22025.0,30666.7,NULL,NULL,11939.21
2004-8-28,2566.98,13482.2,NULL,12692.85,NULL,1312.57,61641.0,2669.7,NULL,7722.0,2234.67,1122.0,41.0,21736.0,30413.3,NULL,NULL,11952.45
2004-8-29,2557.87,13541.4,NULL,12654.54,NULL,1312.57,62497.0,2650.2,NULL,7978.0,2261.0,1132.0,35.0,20843.0,30073.6,NULL,NULL,11908.32
2004-8-30,2571.54,13536.0,NULL,12551.37,NULL,1315.74,61732.0,2629.1,NULL,8089.0,2293.06,1142.0,35.5,20763.0,29674.8,NULL,NULL,11864.2
2004-8-31,2560.14,13492.8,NULL,12441.03,NULL,1306.25,61951.0,2606.3,NULL,8115.0,2340.0,1142.0,123.5,20349.4,29303.9,NULL,NULL,11806.83
2004-9-1,2564.7,13536.0,NULL,12350.08,NULL,1312.75,62188.0,2591.6,NULL,8123.0,2364.04,1146.0,45.6,20859.28,28935.0,NULL,NULL,11723.0
2004-9-2,2553.31,13482.0,NULL,12270.76,NULL,1303.09,62279.0,2586.7,NULL,8123.0,2380.07,1132.0,54.0,20460.32,28695.8,NULL,NULL,11634.75
2004-9-3,2557.87,13465.8,NULL,12210.51,NULL,1303.09,62279.0,2585.1,NULL,8115.0,2390.38,1112.0,70.4,19932.89,28533.9,NULL,NULL,11542.08
2004-9-4,2555.59,13441.2,NULL,12331.17,NULL,1299.93,62206.0,2580.2,NULL,8140.0,233988888.39,1118.0,106.5,19552.33,NULL,NULL,NULL,11439.4
2004-9-5,2553.31,13418.2,NULL,12331.17,NULL,1303.09,62224.0,2575.3,NULL,8132.0,2409.99,1100.0,120.9,20073.78,NULL,NULL,NULL,11336.87
2004-9-6,2564.7,13381.4,NULL,12229.32,NULL,1307.83,62096.0,2578.6,NULL,8149.0,2398.39,1090.0,108.9,20755.11,NULL,NULL,NULL,11242.87
2004-9-7,2576.09,13344.6,NULL,11090.32,NULL,1288.86,61604.0,2598.1,NULL,8149.0,2433.18,1080.0,101.6,21303.4,27780.8,NULL,NULL,11144.61
2004-9-8,2585.0,13465.8,NULL,12240.62,NULL,1295.19,60732.0,2583.5,NULL,8279.0,2418.53,1092.0,110.2,20484.13,27671.5,NULL,NULL,11043.92
2004-9-9,2578.37,13471.2,NULL,12274.54,NULL,1293.61,60714.0,2567.2,NULL,7978.0,2419.75,1086.0,69.0,21125.1,27822.9,NULL,NULL,10977.41
2004-9-10,2578.37,13476.6,NULL,12274.54,NULL,1298.35,60948.0,2570.5,NULL,7978.0,2566.21,1086.0,61.0,20827.19,28202.9,NULL,NULL,11200.15
2004-9-11,2585.0,13714.2,NULL,12225.56,NULL,1310.99,61732.0,2594.9,NULL,8534.0,2450.27,1108.0,56.0,20827.0,31237.8,NULL,NULL,11379.59
2004-9-12,2576.09,13552.2,NULL,12278.31,NULL,1083.01,61531.0,2578.0,NULL,8437.0,2297.64,1080.0,67.0,21630.0,30772.0,NULL,NULL,11413.77
2004-9-13,2571.54,13503.6,NULL,12244.38,NULL,1158.13,61677.0,2612.8,NULL,8367.0,2341.14,1088.0,59.0,20468.25,30491.9,NULL,NULL,11306.96
2004-9-14,2582.93,13487.4,NULL,12218.03,NULL,1258.83,61750.0,2591.6,NULL,8393.0,2345.72,1100.0,64.0,21068.55,30483.2,NULL,NULL,11230.06
2004-9-15,2585.0,13471.2,NULL,12233.09,NULL,1282.54,61823.0,2578.6,NULL,8375.0,2471.01,1110.0,59.0,21068.55,30273.8,NULL,NULL,11153.15
2004-9-16,2573.81,13450.4,NULL,1251.92,NULL,1249.35,61859.0,2565.6,NULL,8358.0,2527.16,1118.0,56.0,20803.15,30056.2,NULL,NULL,11089.64
2004-9-17,2576.09,13427.4,NULL,12225.56,NULL,1277.8,61768.0,2572.1,NULL,8375.0,2479.56,1118.0,56.8,20947.66,29726.7,NULL,NULL,11039.76
2004-9-18,2578.37,13427.4,NULL,12229.32,NULL,1292.02,61677.0,2603.0,NULL,8375.0,2400.68,1106.0,54.9,20867.3,29640.2,NULL,NULL,10969.1
2004-9-19,2578.37,13404.4,NULL,12244.38,NULL,1301.51,61586.0,2635.6,NULL,8331.0,2370.91,1090.0,53.9,21344.11,29415.8,NULL,NULL,10902.59
2004-9-20,2580.65,13372.2,NULL,12236.85,NULL,1301.51,61422.0,2668.1,NULL,8340.0,2374.35,1074.0,54.9,20675.19,29157.8,NULL,NULL,10840.25
2004-9-21,2582.93,13335.4,NULL,12218.03,NULL,1306.25,61276.0,2697.4,NULL,8340.0,2398.39,1068.0,58.8,21384.81,29063.5,NULL,NULL,10777.9
2004-9-22,2585.0,13298.6,NULL,12244.38,NULL,1303.09,61075.0,2692.5,NULL,8331.0,2416.09,1058.0,69.0,21482.69,28866.6,NULL,NULL,10698.92
2004-9-23,2585.0,13261.8,NULL,12274.54,NULL,1299.93,61002.0,2673.0,NULL,8331.0,2431.96,1044.0,77.1,20851.25,28678.8,NULL,NULL,10637.85
2004-9-24,2585.0,13225.0,NULL,12289.63,NULL,1312.57,60804.0,2661.6,NULL,8296.0,2441.72,1040.0,74.1,21802.63,28952.1,NULL,NULL,10698.92
2004-9-25,2580.65,13183.6,NULL,12297.17,NULL,1306.25,60572.0,2658.3,NULL,8305.0,2445.38,1038.0,77.1,20971.81,29235.1,NULL,NULL,10798.68
2004-9-26,2582.93,13137.6,NULL,12297.17,NULL,1303.09,60322.0,2653.4,NULL,8305.0,2446.6,1044.0,76.5,21173.66,29398.6,NULL,NULL,10869.34
2004-9-27,2585.0,13096.2,NULL,12293.4,NULL,1296.77,60090.0,2655.0,NULL,8296.0,2446.6,1044.0,75.9,21222.27,30004.0,NULL,NULL,10935.85
2004-9-28,2585.0,13050.2,NULL,12278.31,NULL,1290.44,59822.0,2661.6,NULL,8287.0,2445.38,1026.0,75.9,20939.62,29960.7,NULL,NULL,11060.55
2004-9-29,2585.0,13008.8,NULL,12251.92,NULL,1288.86,59519.0,2668.1,NULL,8279.0,2471.01,1009.0,53.4,21703.89,30387.1,NULL,NULL,11140.33
2004-9-30,2585.0,12972.0,NULL,11090.32,NULL,1282.54,59215.0,2674.6,NULL,8270.0,2478.34,987.0,41.4,21076.63,30038.9,NULL,NULL,11225.78
2004-10-1,2580.65,12926.0,NULL,12184.19,NULL,1273.06,58912.0,2682.8,NULL,8261.0,2479.56,965.0,19.8,21515.37,30082.2,NULL,NULL,11272.78
2004-10-2,2576.09,12949.0,NULL,12327.39,NULL,1261.99,58608.0,2681.1,NULL,8244.0,2479.56,941.0,18.7,21753.23,29952.0,NULL,NULL,11341.14
2004-10-3,2578.37,12972.0,NULL,12490.43,NULL,1254.09,58340.0,2681.1,NULL,8192.0,2477.12,926.0,21.2,21942.99,29952.0,NULL,NULL,11430.86
2004-10-4,2585.0,12995.0,NULL,12646.88,NULL,1243.02,58055.0,2679.5,NULL,8140.0,2471.01,924.0,29.3,21482.69,29934.7,NULL,NULL,11520.58
2004-10-5,2585.0,13031.8,NULL,12781.2,NULL,1246.02,58091.0,2676.3,NULL,7893.0,2463.69,924.0,68.4,21597.21,29839.2,NULL,NULL,11559.73
2004-10-6,2578.37,13064.0,NULL,12951.06,NULL,1246.18,58162.0,2666.5,NULL,7543.0,2467.35,924.0,74.1,21679.24,29692.1,NULL,NULL,11586.21
2004-10-7,2578.37,13096.2,NULL,13083.07,NULL,1246.18,58251.0,2661.6,NULL,7222.0,2469.79,910.0,67.9,21745.0,29519.3,NULL,NULL,11559.73
2004-10-8,2578.37,13128.4,NULL,13211.87,NULL,1238.28,58340.0,2661.6,NULL,6990.0,2471.01,888.0,79.5,21777.92,29329.7,NULL,NULL,11555.32
2004-10-9,2576.09,13160.6,NULL,13356.97,NULL,1224.05,58430.0,2677.9,NULL,6765.0,2472.24,870.0,93.4,21802.63,29123.5,NULL,NULL,11533.4
2004-10-10,2571.54,13188.2,NULL,13483.12,NULL,1209.83,58501.0,2674.6,NULL,6541.0,2472.24,843.0,90.8,21802.63,28926.4,NULL,NULL,11581.8
2004-10-11,2566.98,13211.2,NULL,13617.81,NULL,1195.6,58555.0,2671.4,NULL,6316.0,2472.24,824.0,80.1,21794.4,28721.4,NULL,NULL,11595.03
2004-10-12,2562.42,13229.6,NULL,13737.2,NULL,1181.37,58608.0,2679.5,NULL,5986.0,2471.01,810.0,71.3,21876.87,28499.9,NULL,NULL,11625.9
2004-10-13,2557.87,13234.2,NULL,12731.17,NULL,1178.21,58680.0,2664.9,NULL,5644.0,2467.35,804.0,65.2,21967.81,28262.2,NULL,NULL,11674.46
2004-10-14,2551.03,13229.6,NULL,13973.53,NULL,1178.21,58537.0,2650.2,NULL,5606.0,2464.91,797.0,52.0,22000.94,28025.3,NULL,NULL,11643.57
2004-10-15,2544.2,13234.2,NULL,13993.65,NULL,1178.21,58215.0,2632.3,NULL,5753.0,2461.25,795.0,58.3,22067.27,27789.2,NULL,NULL,11608.27
2004-10-16,2535.08,13229.6,NULL,14122.76,NULL,1164.14,57894.0,2619.3,NULL,5906.0,NULL,778.0,73.0,21918.2,27553.9,NULL,NULL,11564.15
2004-10-17,2528.25,13229.6,NULL,14203.76,NULL,1149.12,57591.0,2607.9,NULL,6034.0,NULL,761.0,52.0,21835.61,27311.0,NULL,NULL,11520.58
2004-10-18,2519.13,13229.6,NULL,14256.53,NULL,1134.09,57273.0,2596.5,NULL,6187.0,2449.05,751.0,75.3,21852.11,27077.3,NULL,NULL,11482.13
2004-10-19,2510.02,13229.6,NULL,14309.4,NULL,1146.11,56939.0,2607.9,NULL,6187.0,2444.16,727.0,99.9,22258.67,27764.0,NULL,NULL,11486.4
2004-10-20,2494.07,13225.0,NULL,14370.53,NULL,1152.12,56606.0,2630.7,NULL,6195.0,2439.28,707.0,130.2,21951.26,28952.1,NULL,NULL,11507.76
2004-10-21,2484.96,13215.8,NULL,14423.61,NULL,1153.63,56272.0,2633.9,NULL,6187.0,2434.4,685.0,140.7,22092.18,29106.3,NULL,NULL,11507.76
2004-10-22,2480.4,13197.4,NULL,14484.98,NULL,1141.61,55939.0,2633.9,NULL,6187.0,2428.3,661.0,140.7,22367.29,29149.2,NULL,NULL,11507.76
2004-10-23,2473.57,13192.8,NULL,14530.07,NULL,1129.59,55605.0,2630.7,NULL,6171.0,2422.19,653.0,129.5,22476.22,28823.9,NULL,NULL,11494.95
2004-10-24,2462.18,13169.8,NULL,14628.69,NULL,1114.56,55088.0,2620.9,NULL,6155.0,2416.09,637.0,112.0,21696.0,28143.7,NULL,NULL,11503.49
2004-10-25,2457.62,13151.4,NULL,14752.43,NULL,1113.66,54754.0,2671.37,NULL,6099.0,2416.09,636.0,144.0,21295.0,30099.7,NULL,NULL,11529.13
2004-10-26,2453.06,13146.8,NULL,14847.65,NULL,1299.93,54654.0,2617.7,NULL,6099.0,2405.26,634.0,148.0,21060.48,29978.1,NULL,NULL,11507.76
2004-10-27,2441.67,13137.6,NULL,15068.26,NULL,1325.22,54337.0,2616.0,NULL,6107.0,2398.39,617.0,175.3,20357.34,30291.2,NULL,NULL,11435.13
2004-10-28,2432.56,13128.4,NULL,15256.85,NULL,1323.64,54004.0,2651.8,NULL,6107.0,2392.66,602.0,151.9,21076.63,30221.5,NULL,NULL,11353.96
2004-10-29,2423.45,13119.2,NULL,15442.39,NULL,1320.48,53670.0,2677.9,NULL,6115.0,2385.8,587.0,112.0,21605.41,29977.9,NULL,NULL,11289.87
2004-10-30,2414.33,13096.2,NULL,15535.59,NULL,1312.57,53353.0,2705.6,NULL,6115.0,2378.93,574.0,79.5,21959.53,29631.5,NULL,NULL,11217.24
2004-10-31,2402.94,13073.2,NULL,15605.8,NULL,1315.74,53003.0,2707.2,NULL,6107.0,2372.06,561.0,125.3,22216.98,29415.8,NULL,NULL,11140.33
2004-11-1,2393.83,13073.2,NULL,15671.65,NULL,1317.32,52653.0,2708.8,NULL,6123.0,NULL,561.0,125.3,22400.77,28994.9,NULL,NULL,11073.02
2004-11-2,2382.44,13045.6,NULL,15731.37,NULL,1320.48,52319.0,2715.3,NULL,6219.0,2358.32,561.0,161.0,22518.21,29046.3,NULL,NULL,10998.2
2004-11-3,2373.33,13018.0,NULL,15782.65,NULL,1323.64,52019.0,2717.0,NULL,6308.0,2350.3,561.0,158.9,22593.89,29140.7,NULL,NULL,10998.2
2004-11-4,2361.93,12990.4,NULL,15851.15,NULL,1314.15,51685.0,2718.6,NULL,6404.0,2343.43,561.0,162.6,22821.87,29217.9,NULL,NULL,11006.51
2004-11-5,2352.95,12962.8,NULL,14787.99,NULL,1301.51,51485.0,2718.6,NULL,6388.0,2335.42,561.0,161.8,22889.7,29286.7,NULL,NULL,11002.35
2004-11-6,2344.08,12930.6,NULL,15967.08,NULL,1288.86,51101.0,2713.7,NULL,6517.0,2327.41,560.0,154.0,22872.72,29200.8,NULL,NULL,11014.82
2004-11-7,2335.22,12893.8,NULL,16027.37,NULL,1274.64,50718.0,2710.4,NULL,6682.0,2320.54,560.0,161.8,22966.12,29226.5,NULL,NULL,11035.61
2004-11-8,2328.57,12857.0,NULL,16083.45,NULL,1273.06,50334.0,2707.2,NULL,6832.0,2312.52,560.0,160.3,22991.64,29226.5,NULL,NULL,11039.76
2004-11-9,2321.92,12829.4,NULL,16143.95,NULL,1274.64,49984.0,2705.6,NULL,6981.0,2304.51,560.0,153.3,22915.15,29166.4,NULL,NULL,11056.39
2004-11-10,2313.06,12801.8,NULL,16182.91,NULL,1274.64,49600.0,2705.6,NULL,7148.0,2295.35,560.0,166.6,23051.23,29140.7,NULL,NULL,11052.23
2004-11-11,2306.41,12769.6,NULL,16208.91,NULL,1274.64,49233.0,2703.9,NULL,7272.0,2287.33,560.0,166.6,22957.62,29063.5,NULL,NULL,11064.7
2004-11-12,2299.76,12737.4,NULL,16230.59,NULL,1276.22,48880.0,2702.3,NULL,7239.0,2279.32,560.0,164.2,22906.66,28977.8,NULL,NULL,11106.27
2004-11-13,2290.9,12709.8,NULL,16252.29,NULL,1263.57,48540.0,2699.0,NULL,7206.0,2271.31,560.0,160.3,23059.75,28900.8,NULL,NULL,11106.27
2004-11-14,2284.25,12677.6,NULL,16274.0,NULL,1247.76,48185.0,2697.4,NULL,7173.0,2263.29,558.0,160.3,22932.13,29114.9,NULL,NULL,11127.52
2004-11-15,2277.61,12654.6,NULL,16304.42,NULL,1230.38,47831.0,2694.2,NULL,7148.0,2254.13,558.0,154.7,22915.15,29226.5,NULL,NULL,11148.88
2004-11-16,2268.74,12627.0,NULL,16321.81,NULL,1228.8,47462.0,2689.3,NULL,7131.0,2246.12,558.0,159.6,23034.2,29260.9,NULL,NULL,11178.79
2004-11-17,2257.66,12585.6,NULL,16339.22,NULL,1228.8,47166.0,2679.5,NULL,7098.0,2236.96,558.0,159.6,22906.66,29407.2,NULL,NULL,11195.88
2004-11-18,2246.58,12548.8,NULL,16356.63,NULL,1227.22,46856.0,2673.0,NULL,7089.0,2228.0,558.0,161.8,22949.12,29683.4,NULL,NULL,11208.69
2004-11-19,2235.5,12507.4,NULL,16369.7,NULL,1225.63,46531.0,2663.2,NULL,7081.0,2218.64,558.0,167.4,22898.17,30004.0,NULL,NULL,11234.33
2004-11-20,2228.86,12466.0,NULL,16395.85,NULL,1224.05,46221.0,2650.2,NULL,7048.0,2210.63,557.0,157.5,22779.55,30160.6,NULL,NULL,11247.15
2004-11-21,2222.21,12424.6,NULL,16417.66,NULL,1224.05,45881.0,2637.2,NULL,7031.0,2200.32,557.0,158.9,22771.09,30256.4,NULL,NULL,11264.23
2004-11-22,2215.56,12387.8,NULL,16439.48,NULL,1222.47,45483.0,2624.2,NULL,7073.0,2190.02,557.0,165.8,22678.17,30265.1,NULL,NULL,11272.78
2004-11-23,2208.91,12351.0,NULL,16474.43,NULL,1208.25,45113.0,2611.2,NULL,7073.0,2180.86,557.0,165.0,22678.17,30317.3,NULL,NULL,11268.51
2004-11-24,2197.83,12309.6,NULL,16505.04,NULL,1195.6,44759.0,2599.8,NULL,7073.0,2172.13,557.0,165.8,22551.83,30448.3,NULL,NULL,11281.32
2004-11-25,2188.97,12272.8,NULL,16531.3,NULL,1181.37,44390.0,2591.6,NULL,7098.0,2163.54,557.0,167.4,22367.29,30579.2,NULL,NULL,11285.6
2004-11-26,2177.89,12231.4,NULL,16553.2,NULL,1179.79,44035.0,2580.2,NULL,7098.0,2153.88,557.0,168.2,22400.77,30623.0,NULL,NULL,11306.96
2004-11-27,2169.03,12190.0,NULL,16544.44,NULL,1176.63,43651.0,2572.1,NULL,7131.0,2145.29,557.0,161.8,22417.53,30745.7,NULL,NULL,11289.87
2004-11-28,2160.16,12153.2,NULL,16505.04,NULL,1176.63,43282.0,2562.3,NULL,7297.0,2135.63,555.0,171.1,22434.29,30947.5,NULL,NULL,11311.23
2004-11-29,2153.52,12116.4,NULL,16474.43,NULL,1175.05,42913.0,2554.6,NULL,7569.0,2127.04,555.0,169.0,22451.06,31061.8,NULL,NULL,11324.05
2004-11-30,2144.65,12079.6,NULL,16456.95,NULL,1173.47,42543.0,2543.9,NULL,7842.0,2117.38,555.0,161.8,22434.29,31123.2,NULL,NULL,11315.5
2004-12-1,2135.79,12042.8,NULL,16443.85,NULL,1171.89,42307.0,2536.2,NULL,8029.0,2107.72,555.0,158.2,22434.29,31114.4,NULL,NULL,11324.05
2004-12-2,2125.0,12003.1,NULL,15185.74,NULL,1168.73,42337.0,2525.5,NULL,7978.0,2100.21,555.0,166.2,22357.66,31061.6,NULL,NULL,11324.05
2004-12-3,2103.44,11960.0,NULL,16113.69,NULL,1168.73,42396.0,2510.1,NULL,7910.0,2255.28,555.0,111.0,22001.0,32348.4,NULL,NULL,11328.32
2004-12-4,2142.44,12019.8,NULL,15919.8,NULL,1184.54,42721.0,2542.4,NULL,7961.0,2321.68,620.0,105.0,22092.0,32438.0,NULL,NULL,11371.05
2004-12-5,2146.87,12024.4,NULL,15919.8,NULL,1216.15,42765.0,2565.6,NULL,7927.0,2372.06,624.0,144.2,22754.02,32815.4,NULL,NULL,11315.5
2004-12-6,2140.22,12019.8,NULL,15816.88,NULL,1222.47,42824.0,2581.9,NULL,7893.0,2408.77,624.0,160.3,22342.19,32905.5,NULL,NULL,11247.15
2004-12-7,2125.0,12001.4,NULL,15612.05,NULL,1225.63,42853.0,2585.1,NULL,7842.0,2430.74,624.0,161.8,22754.18,32644.6,NULL,NULL,11161.7
2004-12-8,2107.75,11964.6,NULL,15752.72,NULL,1225.63,NULL,2588.4,NULL,NULL,2444.16,NULL,176.7,NULL,32411.1,NULL,NULL,11093.8
2004-12-9,2088.34,11932.4,NULL,15412.8,NULL,1225.63,42913.0,2583.5,NULL,7731.0,2452.71,627.0,167.4,23281.97,32196.5,NULL,NULL,11010.67
2004-12-10,2068.93,11900.2,NULL,15898.33,NULL,1224.03,42942.0,2581.9,NULL,7679.0,2457.59,627.0,165.8,23539.98,32259.0,NULL,NULL,10944.16
2004-12-11,2047.37,11868.0,NULL,15945.58,NULL,1222.47,42957.0,2575.3,NULL,7628.0,2462.47,627.0,139.3,23548.61,32330.5,NULL,NULL,10881.81
2004-12-12,2027.96,11835.8,NULL,15984.3,NULL,1220.89,42972.0,2567.2,NULL,7577.0,2463.69,627.0,148.4,23299.12,32348.4,NULL,NULL,10819.46
2004-12-13,2006.39,11803.6,NULL,16018.75,NULL,1220.89,43001.0,2563.9,NULL,7526.0,2468.69,627.0,149.1,23505.48,32348.4,NULL,NULL,10752.96
2004-12-14,1986.99,11766.8,NULL,16035.99,NULL,1219.31,43016.0,2560.8,NULL,7466.0,2462.47,627.0,149.8,23462.4,32321.7,NULL,NULL,10707.23
2004-12-15,1967.57,11734.6,NULL,16048.93,NULL,1216.15,43045.0,2553.1,NULL,7415.0,2461.25,627.0,156.8,23445.18,32303.7,NULL,NULL,10641.92
2004-12-16,1946.0,11967.8,NULL,16057.55,NULL,1216.15,43060.0,2545.4,NULL,7364.0,2457.59,627.0,150.5,23453.79,32259.0,NULL,NULL,10593.14
2004-12-17,1922.29,11656.4,NULL,16070.5,NULL,1214.57,43090.0,2537.8,NULL,7314.0,2455.15,627.0,159.6,23316.27,32250.1,NULL,NULL,10544.36
2004-12-18,1901.26,11615.0,NULL,16087.77,NULL,1211.41,43105.0,2528.6,NULL,7264.0,2451.49,627.0,147.7,23187.8,32178.6,NULL,NULL,10483.39
2004-12-19,1878.21,11569.0,NULL,16105.04,NULL,1209.83,NULL,2517.8,NULL,7214.0,2449.05,627.0,147.0,23299.12,32160.7,NULL,NULL,10434.61
2004-12-20,1857.26,11527.6,NULL,16118.01,NULL,1206.67,43134.0,2508.6,NULL,7164.0,2444.16,627.0,141.4,23350.61,32134.0,NULL,NULL,10377.7
2004-12-21,1836.3,11486.2,NULL,16148.28,NULL,1205.09,43149.0,2500.9,NULL,7114.0,2439.28,627.0,157.5,23204.91,32098.3,NULL,NULL,10312.66
2004-12-22,1815.34,11449.4,NULL,16165.59,NULL,1203.05,43164.0,2488.6,NULL,7065.0,2434.4,627.0,151.9,23213.46,32026.9,NULL,NULL,10240.57
2004-12-23,1796.48,11410.1,NULL,16178.58,NULL,1201.92,43178.0,2477.9,NULL,7015.0,2429.52,627.0,132.3,23299.12,31964.5,NULL,NULL,10161.06
2004-12-24,1777.62,11366.8,NULL,16208.91,NULL,1198.76,43193.0,2467.2,NULL,6957.0,2424.64,627.0,154.0,23316.27,31911.1,NULL,NULL,10101.43
2004-12-25,1756.67,11324.4,NULL,16230.59,NULL,1195.6,43208.0,2456.4,NULL,6907.0,2418.53,627.0,161.8,23324.85,31839.9,NULL,NULL,10057.7
2004-12-26,1737.81,11282.1,NULL,16247.95,NULL,1194.02,43223.0,2444.1,NULL,6857.0,2411.21,627.0,157.5,23419.36,31848.8,NULL,NULL,10025.9
2004-12-27,1718.95,11238.7,NULL,16274.0,NULL,1192.44,43237.0,2434.9,NULL,6807.0,2404.11,627.0,158.9,23514.1,31857.7,NULL,NULL,9970.25
2004-12-28,1700.4,11196.0,NULL,16221.92,NULL,1189.28,43252.0,2421.1,NULL,6757.0,2399.53,627.0,168.2,23367.78,31946.8,NULL,NULL,9942.42
2004-12-29,1683.32,11154.2,NULL,16169.92,NULL,1187.7,43267.0,2404.2,NULL,6707.0,2392.66,627.0,161.8,23445.18,32151.8,NULL,NULL,9962.3
2004-12-30,1665.86,11111.5,NULL,16118.01,NULL,1187.7,43282.0,2381.2,NULL,6649.0,2386.94,627.0,161.0,23462.4,32259.0,NULL,NULL,9954.34
2004-12-31,1647.56,11068.1,NULL,16087.77,NULL,1186.12,NULL,2362.8,NULL,6591.0,2380.07,627.0,456.1,23479.62,32303.7,NULL,NULL,9938.44
