,仁義潭水庫,劍潭水庫,南化水庫,大埔水庫,寶山水庫,寶山第二水庫,德基水庫,新山水庫,日月潭水庫,明德水庫,曾文水庫,永和山水庫,湖山水庫,澄清湖水庫,烏山頭水庫,牡丹水庫,白河水庫,石門水庫,翡翠水庫,蘭潭水庫,西勢水庫,鏡面水庫,阿公店水庫,霧社水庫,鯉魚潭水庫,鳳山水庫
2006-1-1,64.81%,NULL,95.1%,57.17%,94.88%,NULL,NULL,98.94%,NULL,56.24%,87.74%,55.86%,NULL,100%,63.01%,67.35%,100%,90.23%,90.87%,63.16%,12.68%,80.93%,NULL,NULL,100%,41.81%
2006-1-2,64.41%,NULL,94.67%,57.53%,95.12%,NULL,NULL,98.94%,NULL,55.97%,87.77%,55.28%,NULL,100%,62.36%,67.24%,100%,81.45%,90.8%,62.37%,9.76%,80.61%,NULL,NULL,96.87%,41.34%
2006-1-3,63.77%,NULL,94.27%,57.71%,95.01%,NULL,NULL,99.33%,NULL,55.79%,87.83%,54.74%,NULL,100%,61.81%,67.13%,100%,81.16%,90.67%,61.58%,9.86%,80.08%,NULL,NULL,96.91%,41.04%
2006-1-4,63.21%,NULL,93.79%,57.88%,94.77%,NULL,NULL,99.61%,NULL,55.52%,87.86%,54.29%,NULL,100%,61.18%,66.99%,100%,80.87%,89.43%,60.8%,16.94%,79.64%,NULL,NULL,96.76%,39.84%
2006-1-5,62.65%,NULL,93.29%,58.77%,94.28%,NULL,NULL,99.78%,NULL,55.16%,87.89%,53.83%,NULL,100%,60.44%,66.92%,100%,80.98%,88.86%,59.95%,19.52%,79.11%,NULL,NULL,96.5%,38.14%
2006-1-6,62.09%,NULL,92.76%,59.48%,94.06%,NULL,NULL,100%,NULL,54.98%,87.92%,53.38%,NULL,100%,59.81%,66.77%,100%,81.05%,88.73%,59.24%,56.74%,78.11%,NULL,NULL,96.21%,36.78%
2006-1-7,61.62%,NULL,92.26%,60.36%,93.93%,NULL,NULL,100%,NULL,54.62%,87.95%,52.89%,NULL,100%,59.09%,66.63%,100%,81.16%,88.94%,58.47%,72.92%,77.52%,NULL,NULL,95.95%,35.82%
2006-1-8,61.22%,NULL,91.8%,61.07%,94.06%,NULL,NULL,99.89%,NULL,54.53%,87.98%,52.4%,NULL,100%,58.5%,66.45%,100%,81.23%,89.41%,57.63%,90.57%,76.98%,NULL,NULL,95.66%,35.65%
2006-1-9,60.75%,NULL,91.33%,62.37%,93.93%,NULL,NULL,99.33%,NULL,54.27%,88.01%,51.99%,NULL,100%,57.83%,66.3%,100%,80.14%,89.65%,56.73%,100%,76.55%,NULL,NULL,95.38%,34.52%
2006-1-10,60.03%,NULL,90.89%,62.82%,93.81%,NULL,NULL,99.11%,NULL,54%,88.04%,51.43%,NULL,100%,57.24%,66.08%,100%,79.7%,89.73%,55.9%,100%,76.23%,NULL,NULL,95.12%,34.07%
2006-1-11,59.33%,NULL,90.42%,63.04%,93.57%,NULL,NULL,99.22%,NULL,54%,88.08%,50.86%,NULL,100%,56.64%,65.94%,100%,78.98%,89.86%,55%,99.58%,75.7%,NULL,NULL,94.84%,32.28%
2006-1-12,58.7%,NULL,89.96%,63.04%,93.21%,NULL,NULL,99.39%,NULL,53.82%,88.1%,50.3%,NULL,100%,55.98%,65.8%,100%,79.19%,94.06%,54.04%,99.79%,75.16%,NULL,NULL,94.62%,32.12%
2006-1-13,58.07%,NULL,89.49%,63.26%,92.75%,NULL,NULL,99.72%,NULL,53.64%,88.13%,49.74%,NULL,100%,55.39%,65.65%,100%,78.72%,97.58%,53.15%,99.36%,74.74%,NULL,NULL,94.3%,32.56%
2006-1-14,57.44%,NULL,89.02%,63.26%,92.26%,NULL,NULL,100%,NULL,53.37%,88.16%,49.1%,NULL,100%,54.88%,65.47%,99.86%,78.36%,97.2%,52.28%,98.47%,74.2%,NULL,NULL,94.01%,33.28%
2006-1-15,56.82%,NULL,88.54%,63.26%,91.66%,NULL,NULL,100%,NULL,53.19%,88.2%,48.43%,NULL,100%,54.21%,65.29%,98.55%,78.33%,96.26%,51.2%,97.81%,73.67%,NULL,NULL,93.72%,33.39%
2006-1-16,56.2%,NULL,88.05%,63.26%,90.02%,NULL,NULL,100%,NULL,53.01%,88.22%,47.75%,NULL,100%,53.54%,65.18%,97.4%,78.58%,95.1%,50.19%,97.34%,73.13%,NULL,NULL,93.51%,29.59%
2006-1-17,55.57%,NULL,87.43%,63.49%,87.91%,NULL,NULL,99.89%,NULL,52.74%,87.59%,47.34%,NULL,100%,51.69%,65.07%,96.09%,77.79%,93.82%,49.53%,89.23%,72.49%,NULL,NULL,93.15%,27.48%
2006-1-18,55.03%,NULL,86.92%,63.49%,86.16%,NULL,NULL,99.89%,NULL,52.38%,86.81%,46.93%,NULL,100%,51.61%,64.93%,94.65%,77.36%,93.1%,49.07%,82.43%,70.69%,NULL,NULL,92.86%,27.76%
2006-1-19,54.57%,NULL,86.41%,63.49%,84.28%,NULL,NULL,99.89%,NULL,52.02%,86.03%,46.48%,NULL,100%,51.43%,64.75%,93.2%,76.9%,92.49%,48.6%,76.12%,69.93%,NULL,NULL,92.57%,29.1%
2006-1-20,54.11%,NULL,85.89%,64.38%,82.2%,NULL,NULL,99.89%,NULL,51.94%,85.19%,46.1%,NULL,100%,51.77%,64.57%,91.75%,76.16%,91.86%,48.21%,68.45%,69.4%,NULL,NULL,92.29%,29.05%
2006-1-21,53.64%,NULL,85.34%,65.5%,80.18%,NULL,NULL,99.94%,NULL,51.66%,84.35%,45.73%,NULL,100%,52.02%,63.71%,91.75%,76.23%,91.17%,47.88%,61.4%,68.86%,NULL,NULL,92.04%,29.53%
2006-1-22,53.26%,NULL,84.85%,66.61%,78.21%,NULL,NULL,100%,NULL,51.41%,83.54%,45.36%,NULL,100%,52.27%,64.2%,91.75%,76.41%,90.78%,47.55%,95.74%,68.11%,NULL,NULL,91.76%,30.18%
2006-1-23,52.88%,NULL,84.39%,70.86%,76.5%,NULL,NULL,99.94%,NULL,51.49%,82.73%,45.23%,NULL,100%,52.36%,64.02%,91.75%,76.26%,90.85%,47.22%,100%,67.69%,NULL,NULL,91.48%,31.83%
2006-1-24,52.49%,NULL,83.91%,73.77%,74.6%,NULL,NULL,99.89%,NULL,51.66%,81.92%,45%,NULL,100%,52.36%,63.77%,91.75%,75.84%,91.43%,46.77%,100%,67.05%,NULL,NULL,91.23%,33.89%
2006-1-25,52.11%,NULL,83.39%,74.66%,73.14%,NULL,NULL,99.94%,NULL,51.66%,81.13%,44.76%,NULL,100%,52.27%,63.59%,91.75%,75.21%,91.72%,46.31%,100%,66.4%,NULL,NULL,91.02%,35.65%
2006-1-26,51.73%,NULL,82.89%,75.78%,73.76%,NULL,NULL,100%,NULL,51.49%,80.32%,44.59%,NULL,100%,52.44%,63.37%,91.75%,75%,92.09%,45.92%,100%,65.87%,NULL,NULL,90.92%,37.57%
2006-1-27,51.28%,NULL,82.4%,76.22%,74.17%,NULL,NULL,99.94%,NULL,51.34%,79.63%,44.22%,NULL,100%,51.77%,63.16%,91.75%,74.65%,92.28%,45.54%,100%,65.28%,NULL,NULL,90.57%,39.07%
2006-1-28,50.75%,NULL,3.13%,76.22%,74.47%,NULL,NULL,99.44%,NULL,51.18%,78.85%,43.92%,NULL,100%,52.53%,62.88%,91.75%,74.23%,91.99%,45.09%,100%,64.81%,NULL,NULL,90.25%,39.84%
2006-1-29,50.29%,NULL,81.38%,78.23%,75.27%,NULL,NULL,98.72%,NULL,51.1%,78.01%,43.62%,NULL,100%,53.54%,62.68%,91.75%,73.92%,91.78%,44.7%,100%,64.45%,NULL,NULL,89.93%,41.16%
2006-1-30,49.84%,NULL,80.95%,80.69%,76.39%,NULL,NULL,98.17%,NULL,51.34%,77.17%,43.85%,NULL,100%,54.63%,62.47%,91.75%,74.16%,91.72%,44.32%,100%,63.8%,NULL,NULL,89.97%,41.76%
2006-1-31,49.46%,NULL,80.51%,81.81%,77.29%,NULL,NULL,97.5%,NULL,51.34%,76.33%,43.95%,NULL,100%,55.81%,62.3%,91.75%,74.65%,91.62%,44%,97.72%,63.35%,NULL,NULL,89.79%,42.65%
2006-2-1,49.16%,NULL,80.08%,82.48%,78.6%,NULL,NULL,97.28%,NULL,51.34%,75.49%,43.92%,NULL,100%,56.64%,62.1%,91.75%,74.93%,91.2%,43.68%,97.01%,62.71%,NULL,NULL,89.51%,40.92%
2006-2-2,48.86%,NULL,79.65%,82.93%,79.51%,NULL,NULL,97.39%,NULL,51.26%,74.62%,43.75%,NULL,100%,57.66%,59.55%,91.75%,74.55%,90.54%,43.3%,95.37%,62.24%,NULL,NULL,89.26%,44.16%
2006-2-3,48.49%,NULL,79.21%,82.93%,80.34%,NULL,NULL,97.78%,NULL,51.1%,73.8%,43.49%,NULL,100%,58.41%,59.3%,91.75%,74.09%,89.78%,43.05%,91.51%,61.6%,NULL,NULL,88.98%,44.77%
2006-2-4,48.12%,NULL,78.76%,82.93%,80.43%,NULL,NULL,98%,NULL,50.87%,72.9%,43.28%,NULL,100%,59.34%,59.05%,91.75%,73.27%,89.1%,42.6%,100%,61.23%,NULL,NULL,88.64%,45.02%
2006-2-5,47.75%,NULL,78.35%,83.38%,80.13%,NULL,NULL,98.28%,NULL,50.71%,72.12%,43.08%,NULL,100%,60.08%,58.84%,91.75%,72.72%,88.73%,42.29%,100%,60.87%,NULL,NULL,88.36%,45.34%
2006-2-6,47.38%,NULL,77.91%,83.38%,79.51%,NULL,NULL,98.5%,NULL,50.48%,71.19%,42.91%,NULL,100%,61.09%,58.56%,91.75%,72.13%,88.6%,42.04%,100%,60.4%,NULL,NULL,88.36%,45.48%
2006-2-7,47.01%,NULL,77.46%,83.6%,79.12%,NULL,NULL,98.72%,NULL,50.33%,70.32%,42.58%,NULL,100%,61.91%,58.35%,91.75%,71.39%,88.6%,41.91%,100%,59.95%,NULL,NULL,88.36%,44.45%
2006-2-8,46.64%,NULL,76.97%,83.6%,78.5%,NULL,NULL,98.78%,NULL,50.09%,69.42%,42.18%,NULL,100%,63.19%,58.14%,91.75%,70.85%,88.08%,41.6%,95.6%,59.67%,NULL,NULL,87.26%,44.21%
2006-2-9,46.2%,NULL,76.52%,83.6%,78.11%,NULL,NULL,99%,NULL,49.86%,68.61%,41.61%,NULL,100%,64.56%,57.96%,91.75%,70.31%,87.61%,41.29%,91.27%,59.12%,NULL,NULL,86.68%,43.32%
2006-2-10,45.83%,NULL,76.1%,83.6%,77.5%,NULL,NULL,99.17%,NULL,49.55%,67.8%,40.97%,NULL,100%,65.76%,57.82%,90.3%,69.64%,86.68%,40.98%,89.86%,58.75%,NULL,NULL,86.34%,42.05%
2006-2-11,45.54%,NULL,75.7%,83.6%,76.79%,NULL,NULL,99.28%,NULL,49.31%,66.99%,40.33%,NULL,100%,66.94%,NULL,89%,68.84%,85.73%,40.67%,80.71%,58.38%,NULL,NULL,85.82%,40.92%
2006-2-12,45.1%,NULL,75.27%,83.6%,75.98%,NULL,NULL,99.28%,NULL,49%,66.26%,39.73%,NULL,100%,67.12%,57.65%,87.55%,67.65%,84.71%,40.29%,68.95%,58.01%,NULL,NULL,85.44%,39.91%
2006-2-13,44.74%,NULL,74.86%,83.6%,75.07%,NULL,NULL,99.28%,NULL,48.69%,65.51%,39.12%,NULL,100%,67.21%,57.27%,86.11%,66.64%,83.69%,39.92%,55.07%,57.83%,NULL,NULL,84.87%,39.01%
2006-2-14,44.38%,NULL,74.45%,83.86%,74.26%,NULL,NULL,99.28%,NULL,48.38%,64.72%,38.52%,NULL,100%,67.67%,57.06%,84.37%,66.12%,82.62%,39.55%,45.31%,57.64%,NULL,NULL,84.57%,48.05%
2006-2-15,44.02%,NULL,74.02%,83.86%,73.46%,NULL,NULL,99.28%,NULL,48.15%,63.89%,37.93%,NULL,100%,68.41%,56.92%,82.63%,64.8%,82.02%,39.19%,42.13%,57.46%,NULL,NULL,84.3%,36.16%
2006-2-16,43.66%,NULL,73.56%,83.86%,72.45%,NULL,NULL,99.72%,NULL,47.98%,63.13%,37.19%,NULL,100%,68.69%,56.78%,81.19%,63.85%,81.39%,38.82%,28.04%,100%,NULL,NULL,84.03%,34.85%
2006-2-17,43.3%,NULL,73.08%,83.86%,71.83%,NULL,NULL,99.89%,NULL,47.84%,62.35%,36.56%,NULL,100%,67.76%,56.61%,79.59%,63.03%,80.82%,38.57%,27.33%,56.36%,NULL,NULL,83.7%,33.79%
2006-2-18,42.87%,NULL,72.6%,83.6%,71.42%,NULL,NULL,99.78%,NULL,47.68%,61.54%,36.06%,NULL,100%,66.76%,56.41%,78%,61.93%,80.47%,38.27%,27.85%,55.99%,NULL,NULL,83.43%,33.28%
2006-2-19,42.51%,NULL,72.15%,86.78%,71.74%,NULL,NULL,100%,NULL,47.68%,60.73%,36.15%,NULL,100%,65.76%,56.23%,76.56%,60.88%,80.74%,37.9%,28.32%,56.12%,NULL,NULL,83.16%,43.2%
2006-2-20,42.15%,NULL,71.69%,89.7%,72.75%,NULL,NULL,99.89%,NULL,47.76%,59.87%,36%,NULL,100%,65.01%,56.06%,75.11%,60.48%,80.94%,37.54%,30.2%,55.36%,NULL,NULL,82.82%,32.99%
2006-2-21,41.73%,NULL,71.25%,91.29%,73.35%,NULL,NULL,99.83%,NULL,47.76%,59.07%,35.68%,NULL,100%,63.83%,55.93%,73.81%,59.42%,80.82%,37.18%,30.44%,55.08%,NULL,NULL,82.55%,33.73%
2006-2-22,41.37%,NULL,70.8%,92.88%,73.46%,NULL,NULL,99.94%,NULL,47.68%,58.31%,35.29%,NULL,100%,61.91%,55.72%,72.65%,58.63%,80.59%,36.81%,32.23%,54.72%,NULL,NULL,82.28%,34.24%
2006-2-23,40.95%,NULL,70.32%,93.14%,73.14%,NULL,NULL,NULL,NULL,47.6%,57.57%,34.73%,NULL,100%,59.89%,55.55%,71.49%,57.11%,80.32%,36.51%,NULL,54.36%,NULL,NULL,81.66%,34.97%
2006-2-24,40.6%,NULL,69.86%,93.14%,72.95%,NULL,NULL,100%,NULL,47.45%,56.64%,34.11%,NULL,100%,58.5%,55.35%,70.33%,56.79%,80.07%,36.15%,62.03%,53.99%,NULL,NULL,81.36%,35.42%
2006-2-25,40.25%,NULL,69.42%,93.14%,72.64%,NULL,NULL,99.94%,NULL,46.98%,55.66%,33.58%,NULL,100%,57.58%,55.14%,69.18%,54.77%,79.92%,35.79%,76.33%,53.63%,NULL,NULL,80.8%,46.53%
2006-2-26,39.83%,NULL,68.96%,93.41%,72.24%,NULL,NULL,99.94%,NULL,47.06%,54.67%,33.13%,NULL,100%,56.48%,54.97%,68.02%,53.77%,79.77%,35.5%,89.58%,53.26%,NULL,NULL,80.44%,37.06%
2006-2-27,39.48%,NULL,68.52%,94.47%,72.95%,NULL,NULL,100%,NULL,46.98%,53.68%,32.7%,NULL,100%,55.13%,54.77%,66.86%,52.66%,79.72%,35.14%,100%,53%,NULL,NULL,80.18%,37.51%
2006-2-28,39.06%,NULL,68.08%,93.67%,73.25%,NULL,NULL,99.83%,NULL,46.9%,52.68%,32.29%,NULL,100%,53.71%,54.57%,65.7%,51.74%,80.05%,34.84%,100%,52.7%,NULL,NULL,79.56%,37.91%
2006-3-1,38.72%,NULL,67.64%,95.53%,74.47%,NULL,NULL,100%,NULL,49.24%,51.67%,32.89%,NULL,100%,52.44%,54.37%,64.54%,51.32%,80.79%,34.61%,100%,52.26%,NULL,NULL,79.49%,38.14%
2006-3-2,38.3%,NULL,67.15%,96.33%,75.27%,NULL,NULL,99.61%,NULL,49.86%,50.63%,34.46%,NULL,100%,51.34%,54.16%,63.39%,52.07%,81.77%,34.25%,100%,51.9%,NULL,NULL,80.28%,38.42%
2006-3-3,37.96%,NULL,66.62%,98.18%,75.89%,NULL,NULL,99.5%,NULL,50.11%,49.62%,35.03%,NULL,100%,50.26%,54%,62.23%,52.61%,82.25%,33.9%,100%,51.81%,NULL,NULL,80.44%,38.53%
2006-3-4,37.69%,NULL,66.1%,95.79%,76.99%,NULL,NULL,99.44%,NULL,50.71%,48.59%,35.06%,NULL,100%,50.7%,53.8%,62.23%,51.99%,82.32%,33.49%,91.88%,51.81%,NULL,NULL,80.21%,38.59%
2006-3-5,37.28%,NULL,65.59%,93.14%,78%,NULL,NULL,99.67%,NULL,50.71%,47.55%,35.03%,NULL,100%,51.09%,53.56%,62.23%,52.02%,82.22%,33.14%,70.57%,51.81%,NULL,NULL,80.02%,39.25%
2006-3-6,36.93%,NULL,65.11%,91.82%,78.8%,NULL,NULL,99.67%,NULL,50.71%,46.51%,34.97%,NULL,100%,51.61%,53.4%,62.23%,51.35%,82%,32.79%,51.99%,51.81%,NULL,NULL,79.72%,39.84%
2006-3-7,36.6%,NULL,64.6%,91.55%,79.42%,NULL,NULL,99.33%,NULL,50.71%,45.5%,34.73%,NULL,100%,54.13%,53.17%,60.78%,51.35%,81.74%,32.38%,46.11%,51.71%,NULL,NULL,79.49%,40.2%
2006-3-8,36.19%,NULL,64.1%,91.02%,79.93%,NULL,NULL,99.44%,NULL,50.64%,44.42%,34.38%,NULL,100%,56.39%,52.97%,59.33%,51.29%,81.39%,32.09%,39.4%,50.9%,NULL,NULL,79.23%,39.13%
2006-3-9,35.92%,NULL,63.6%,90.23%,80.73%,NULL,NULL,99.5%,NULL,50.56%,43.47%,33.99%,NULL,100%,59.26%,52.74%,57.89%,50.38%,81.07%,31.69%,37.76%,50.26%,NULL,NULL,79.03%,38.77%
2006-3-10,35.65%,NULL,63.08%,89.43%,81.55%,NULL,NULL,99.61%,NULL,50.4%,42.58%,33.52%,NULL,100%,62.09%,52.54%,57.31%,50.25%,80.69%,31.4%,11.83%,49.36%,NULL,NULL,78.77%,38.07%
2006-3-11,35.45%,NULL,62.5%,88.64%,82.21%,NULL,NULL,99.78%,NULL,50.17%,41.67%,33.07%,NULL,100%,64.74%,52.38%,57.31%,50.19%,80.29%,31.06%,12.94%,49.08%,NULL,NULL,78.49%,36.49%
2006-3-12,35.25%,NULL,61.9%,89.95%,82.99%,NULL,NULL,99.89%,NULL,49.94%,40.76%,32.67%,NULL,94.07%,67.21%,52.25%,57.31%,49.21%,79.87%,30.71%,7.76%,48.18%,NULL,NULL,78.23%,33.56%
2006-3-13,34.98%,NULL,61.31%,87.05%,83.78%,NULL,NULL,99.28%,NULL,49.7%,39.83%,32.23%,NULL,91.85%,69.55%,52.02%,57.31%,49.1%,79.5%,30.43%,7.06%,47.26%,NULL,NULL,77.97%,33.21%
2006-3-14,34.78%,NULL,60.83%,86.78%,84.56%,NULL,NULL,98.5%,NULL,49.7%,38.92%,32.2%,NULL,90.74%,71.76%,51.79%,55.86%,48.97%,79.18%,30.15%,20%,46.49%,NULL,NULL,77.4%,34.01%
2006-3-15,34.65%,NULL,60.35%,86.51%,85.46%,NULL,NULL,97.06%,NULL,49.62%,37.99%,31.93%,NULL,90.37%,73.68%,51.56%,54.56%,47.95%,78.91%,29.75%,44.93%,45.72%,NULL,NULL,77.11%,34.4%
2006-3-16,34.51%,NULL,59.81%,85.99%,86.11%,NULL,NULL,96%,NULL,49.62%,37%,31.76%,NULL,90.74%,75.51%,51.46%,53.26%,47.84%,78.61%,29.36%,63.51%,45.72%,NULL,NULL,76.92%,34.24%
2006-3-17,34.18%,NULL,59.28%,85.45%,86.9%,NULL,NULL,96.06%,NULL,49.39%,36.17%,31.43%,NULL,91.48%,77.42%,51.27%,51.81%,47.71%,78.24%,29.42%,61.4%,45.72%,NULL,NULL,76.7%,34.52%
2006-3-18,33.92%,NULL,58.74%,84.92%,87.35%,NULL,NULL,96.44%,NULL,49.24%,35.05%,31.07%,NULL,87.41%,79.09%,51.07%,51.23%,46.73%,77.85%,29.47%,56.93%,45.72%,NULL,NULL,76.44%,34.07%
2006-3-19,33.65%,NULL,58.18%,83.86%,87.68%,NULL,NULL,96.78%,NULL,49.08%,34.1%,30.66%,NULL,93.7%,80.78%,50.85%,51.23%,46.6%,77.45%,29.59%,45.66%,45.72%,NULL,NULL,76.19%,33.44%
2006-3-20,33.33%,NULL,57.61%,82.71%,88.02%,NULL,NULL,96.94%,NULL,48.93%,33.09%,30.22%,NULL,94.81%,82.57%,50.62%,51.23%,46.52%,77.04%,29.7%,36.91%,45.72%,NULL,NULL,75.9%,32.83%
2006-3-21,33.06%,NULL,57.08%,88.64%,89.14%,NULL,NULL,95.78%,NULL,49%,32.98%,30.74%,NULL,95.93%,80.68%,50.4%,51.23%,46.52%,77.04%,29.75%,25.36%,45.72%,NULL,NULL,75.71%,32.34%
2006-3-22,32.74%,NULL,56.53%,94.21%,90.24%,NULL,NULL,94.39%,NULL,49.24%,33%,31.13%,NULL,97.04%,78.7%,50.2%,51.23%,45.72%,76.28%,29.81%,13.31%,45.72%,NULL,NULL,75.46%,31.96%
2006-3-23,32.48%,NULL,55.96%,95.79%,91.42%,NULL,NULL,93.36%,NULL,49.55%,33.02%,31.62%,NULL,97.78%,76.85%,49.98%,49.78%,45.79%,75.96%,29.87%,9.41%,45.72%,NULL,NULL,75.27%,31.59%
2006-3-24,32.35%,NULL,55.42%,90.49%,92.97%,NULL,NULL,94.06%,NULL,50.79%,33.05%,32.67%,NULL,99.26%,75.13%,49.75%,48.48%,46.42%,76.26%,30.03%,35.52%,45.72%,NULL,NULL,75.52%,31.36%
2006-3-25,32.22%,NULL,55.03%,89.96%,93.57%,NULL,NULL,94.44%,NULL,52.65%,33.09%,34.2%,NULL,100%,73.21%,49.53%,47.18%,46.6%,76.72%,30.26%,67.51%,NULL,NULL,NULL,77.02%,31.47%
2006-3-26,32.28%,NULL,54.74%,91.29%,94.52%,NULL,NULL,94.72%,NULL,53.91%,33.13%,35.62%,NULL,100%,71.38%,49.31%,45.88%,47.52%,76.6%,30.49%,99.27%,NULL,NULL,NULL,77.75%,31.91%
2006-3-27,32.67%,NULL,54.38%,93.14%,95.48%,NULL,NULL,95.17%,NULL,56.69%,33.23%,37.19%,NULL,97.41%,69.36%,49.08%,45.88%,48.4%,76.77%,30.6%,99.98%,NULL,NULL,NULL,78.87%,32.51%
2006-3-28,33.85%,NULL,53.91%,78.23%,96.07%,NULL,NULL,95.83%,NULL,77.25%,32.3%,38.89%,NULL,100%,71.67%,48.89%,46.02%,53.68%,78.09%,30.71%,100%,NULL,NULL,NULL,79.59%,33.56%
2006-3-29,33.98%,NULL,53.36%,90.23%,94.24%,NULL,NULL,96.17%,NULL,80.92%,31.39%,40.37%,NULL,100%,74.45%,48.64%,46.16%,56.2%,78.34%,30.77%,100%,NULL,NULL,NULL,79.1%,34.19%
2006-3-30,33.79%,NULL,52.82%,89.17%,92.36%,NULL,NULL,96.61%,NULL,82.42%,30.79%,41.44%,NULL,100%,75.7%,48.42%,46.16%,57.7%,78.36%,30.77%,100%,NULL,NULL,NULL,78.55%,34.85%
2006-3-31,33.52%,NULL,52.27%,91.29%,90.48%,NULL,NULL,97.06%,NULL,83.14%,30.62%,42.96%,NULL,100%,75.02%,48.16%,46.16%,58.63%,78.29%,30.83%,100%,NULL,NULL,NULL,78.04%,35.7%
2006-4-1,33.26%,NULL,51.74%,93.14%,91.07%,NULL,NULL,97.5%,NULL,83.63%,30.67%,44.29%,NULL,100%,72.92%,47.94%,46.16%,59.42%,78.12%,30.89%,97.39%,NULL,NULL,NULL,77.53%,38.77%
2006-4-2,33%,NULL,51.2%,93.94%,92.15%,NULL,NULL,97.83%,NULL,83.99%,30.71%,45.26%,NULL,100%,70.9%,47.72%,46.16%,59.39%,77.72%,30.89%,96.68%,NULL,NULL,NULL,76.98%,37.06%
2006-4-3,32.67%,NULL,50.69%,94.47%,92.97%,NULL,NULL,97.33%,NULL,84.35%,30.75%,46.03%,NULL,100%,68.69%,47.47%,46.16%,59.84%,77.26%,30.94%,91.65%,NULL,NULL,NULL,76.47%,37.46%
2006-4-4,32.35%,NULL,50.14%,94.73%,93.81%,NULL,NULL,97.56%,NULL,84.59%,29.77%,46.74%,NULL,100%,69.74%,47.25%,46.16%,60.24%,76.77%,31%,92%,NULL,NULL,NULL,75.87%,37.97%
2006-4-5,32.02%,NULL,49.58%,94.73%,94.41%,NULL,NULL,96.11%,NULL,84.71%,28.72%,47.21%,NULL,100%,71.38%,47.03%,46.16%,60.55%,76.55%,31.06%,92.47%,NULL,NULL,NULL,75.36%,38.42%
2006-4-6,31.77%,NULL,49.03%,94.47%,94.77%,NULL,NULL,94.39%,NULL,84.83%,27.71%,47.57%,NULL,100%,72.82%,46.82%,46.16%,60.36%,76.33%,31.11%,92.9%,NULL,NULL,NULL,74.83%,38.53%
2006-4-7,31.45%,NULL,48.51%,95.79%,94.88%,NULL,NULL,95.72%,NULL,85.07%,26.71%,48.01%,NULL,100%,75.51%,46.57%,46.16%,60.79%,76.01%,31.17%,92.83%,NULL,NULL,NULL,74.24%,38.95%
2006-4-8,31.19%,NULL,47.96%,95.53%,95.01%,NULL,NULL,NULL,NULL,85.07%,25.7%,48.13%,NULL,100%,78.1%,46.32%,46.16%,60.98%,75.72%,31.17%,NULL,44.48%,NULL,NULL,73.68%,39.13%
2006-4-9,30.81%,NULL,47.43%,94.73%,95.96%,NULL,NULL,NULL,NULL,85.07%,25.7%,48.24%,NULL,100%,76.85%,46.07%,46.16%,60.3%,75.41%,31.23%,NULL,43.95%,NULL,NULL,73.15%,39.01%
2006-4-10,30.5%,NULL,46.9%,87.31%,95.83%,NULL,NULL,96.5%,NULL,99.86%,25.72%,48.28%,NULL,100%,74.73%,45.76%,46.16%,60.45%,74.95%,31.23%,89.67%,43.33%,NULL,NULL,72.62%,39.01%
2006-4-11,30.31%,NULL,46.4%,50.44%,97.38%,NULL,NULL,96.67%,NULL,100%,25.82%,50.6%,NULL,100%,73.21%,45.49%,44.57%,64.74%,73.64%,31.29%,100%,43.02%,NULL,NULL,74.62%,38.95%
2006-4-12,30.12%,NULL,46.16%,65.05%,95.53%,NULL,NULL,97.06%,NULL,99.73%,24.83%,51.84%,NULL,100%,74.45%,45.27%,42.98%,67.1%,73%,31.34%,100%,42.55%,NULL,NULL,74.27%,39.31%
2006-4-13,29.81%,NULL,45.6%,68.63%,94.77%,NULL,NULL,97.17%,NULL,100%,23.76%,53.21%,NULL,100%,77.23%,44.97%,41.39%,68.38%,72.54%,31.46%,100%,41.93%,NULL,NULL,73.71%,38.77%
2006-4-14,29.74%,NULL,45.13%,69.74%,94.06%,NULL,NULL,97.44%,NULL,98.72%,23.34%,54.5%,NULL,100%,79.59%,44.69%,40.67%,68.41%,72.07%,31.69%,100%,41.64%,NULL,NULL,73.18%,38.77%
2006-4-15,29.5%,NULL,44.6%,81.36%,93.21%,NULL,NULL,98.22%,NULL,100%,23.37%,56.07%,NULL,100%,78.79%,44.45%,39.51%,69.7%,71.76%,31.74%,100%,41.09%,NULL,NULL,72.62%,39.31%
2006-4-16,29.99%,NULL,44.75%,68.4%,92.5%,NULL,NULL,99%,NULL,93.89%,23.71%,58.31%,NULL,100%,78.9%,44.18%,40.81%,72.54%,72.04%,32.09%,100%,42.17%,NULL,NULL,72.93%,40.44%
2006-4-17,30.56%,NULL,45.28%,62.59%,90.71%,NULL,NULL,98.72%,NULL,99.73%,24.17%,59.84%,NULL,100%,78.2%,44.03%,40.96%,76.09%,72.49%,32.15%,100%,42.41%,NULL,NULL,72.59%,41.04%
2006-4-18,30.69%,NULL,45.54%,71.98%,88.88%,NULL,NULL,99.17%,NULL,100%,24.42%,61.3%,NULL,100%,77.53%,43.64%,41.1%,78.36%,72.47%,32.15%,100%,42.09%,NULL,NULL,72.17%,40.44%
2006-4-19,30.69%,NULL,45.4%,79.13%,87.68%,NULL,NULL,99.56%,NULL,100%,24.58%,62.75%,NULL,100%,76.94%,43.37%,41.24%,79.23%,72.4%,32.21%,100%,41.7%,NULL,NULL,71.68%,39.37%
2006-4-20,30.5%,NULL,45.25%,83.86%,87.46%,NULL,NULL,99.83%,NULL,99.35%,24.73%,64.16%,NULL,100%,76.27%,43.1%,41.39%,80.43%,72.28%,32.26%,96.92%,41.25%,NULL,NULL,71.16%,38.53%
2006-4-21,30.37%,NULL,44.93%,87.31%,88.58%,NULL,NULL,100%,NULL,99.86%,24.85%,65.38%,NULL,100%,73.21%,42.83%,41.39%,81.42%,72.18%,32.32%,92.97%,40.86%,NULL,NULL,70.58%,38.35%
2006-4-22,30.12%,NULL,44.52%,89.96%,89.81%,NULL,NULL,100%,NULL,100%,24.96%,66.52%,NULL,100%,69.93%,42.56%,41.39%,82.23%,71.97%,32.38%,91.44%,40.4%,NULL,NULL,70.04%,38.59%
2006-4-23,29.87%,NULL,44.14%,91.55%,91.2%,NULL,NULL,99.94%,NULL,100%,25.06%,67.61%,NULL,100%,66.66%,42.3%,41.39%,82.15%,71.73%,32.44%,87.91%,39.86%,NULL,NULL,69.43%,38.71%
2006-4-24,29.64%,NULL,43.6%,91.29%,92.86%,NULL,NULL,99.89%,NULL,100%,25.14%,68.83%,NULL,NULL,63.28%,42.03%,41.39%,82.89%,71.42%,32.5%,82.85%,39.55%,NULL,NULL,68.93%,38.89%
2006-4-25,29.43%,NULL,43.28%,88.9%,94.28%,NULL,NULL,100%,NULL,100%,24.13%,69.83%,NULL,100%,64.56%,41.85%,39.94%,83.86%,71.33%,32.61%,82.45%,39.02%,NULL,NULL,68.36%,39.07%
2006-4-26,29.37%,NULL,42.94%,85.46%,95.72%,NULL,NULL,100%,NULL,100%,23.18%,70.88%,NULL,100%,66.29%,41.65%,38.64%,84.46%,71.14%,32.67%,84.4%,38.64%,NULL,NULL,67.8%,NULL
2006-4-27,29.31%,NULL,42.37%,58.41%,98.22%,NULL,NULL,100%,NULL,97.19%,24.41%,72.62%,NULL,100%,68.04%,41.35%,37.77%,87.85%,71.3%,32.79%,91.84%,38.17%,NULL,NULL,67.74%,49.86%
2006-4-28,29.93%,NULL,41.77%,55.93%,97.87%,NULL,NULL,99.89%,NULL,95.92%,21.51%,74.21%,NULL,100%,70.13%,41.23%,37.63%,88.04%,71.61%,33.08%,100%,37.79%,NULL,NULL,96.87%,39.79%
2006-4-29,31.58%,NULL,42.09%,80.02%,97.27%,NULL,NULL,99.89%,NULL,96.43%,21.11%,75.5%,NULL,100%,73.21%,41.03%,37.77%,96.29%,73.07%,33.19%,100%,37.57%,NULL,NULL,67.39%,39.84%
2006-4-30,32.22%,NULL,42.26%,59.06%,96.07%,NULL,NULL,99.78%,NULL,97.96%,21.33%,76.54%,NULL,100%,72.53%,40.85%,37.77%,92.71%,73.72%,33.25%,100%,37.04%,NULL,NULL,67.48%,40.15%
2006-5-1,32.8%,NULL,42.43%,62.14%,94.26%,NULL,NULL,99.72%,NULL,98.97%,18.23%,77.79%,NULL,100%,71.86%,40.62%,37.77%,87.73%,73.98%,33.31%,100%,36.73%,NULL,NULL,67.15%,NULL
2006-5-2,32.67%,NULL,42.29%,80.69%,92.43%,NULL,NULL,99.83%,NULL,100%,18.37%,79.23%,NULL,100%,71.28%,40.44%,37.77%,86.28%,74.1%,33.37%,100%,36.2%,NULL,NULL,66.86%,40.8%
2006-5-3,32.87%,NULL,42.37%,43.05%,91.66%,NULL,NULL,99.72%,NULL,97.19%,18.62%,79.82%,NULL,100%,70.61%,40.24%,38.21%,92.39%,73.89%,33.37%,100%,36.04%,NULL,NULL,67.74%,41.04%
2006-5-4,32.93%,NULL,42.83%,61.7%,89.81%,NULL,NULL,99.72%,NULL,97.32%,18.94%,81.09%,NULL,100%,67.76%,39.98%,38.35%,88%,73.48%,33.66%,98.78%,36.65%,NULL,NULL,67.36%,41.4%
2006-5-5,33%,NULL,43.14%,76.67%,87.97%,NULL,NULL,99.28%,NULL,97.07%,18.35%,82.29%,NULL,100%,68.41%,39.72%,38.35%,82.97%,73.05%,34.01%,93.39%,36.27%,NULL,NULL,67.39%,41.76%
2006-5-6,32.93%,NULL,43.17%,81.59%,86.11%,NULL,NULL,98.56%,NULL,97.83%,17.59%,83.5%,NULL,100%,70.13%,39.46%,38.49%,85.33%,73.57%,34.37%,87.86%,36.05%,NULL,NULL,66.95%,40.63%
2006-5-7,32.87%,NULL,43.11%,80.02%,84.27%,NULL,NULL,98.5%,NULL,98.34%,16.79%,84.86%,NULL,100%,71.86%,39.2%,38.49%,87.27%,73.96%,34.66%,82.12%,35.52%,NULL,NULL,66.45%,39.72%
2006-5-8,32.67%,NULL,43%,79.58%,82.21%,NULL,NULL,97.67%,NULL,99.35%,16.03%,86.17%,NULL,100%,73.59%,38.92%,38.49%,88.89%,74.01%,35.02%,78.24%,34.75%,NULL,NULL,65.88%,37.79%
2006-5-9,33%,NULL,42.54%,78.46%,81.98%,NULL,NULL,97.06%,NULL,100%,15.51%,87.38%,NULL,100%,75.13%,38.6%,37.19%,90.1%,74.01%,35.26%,74.36%,34.53%,NULL,NULL,65.28%,37.4%
2006-5-10,33%,NULL,42.23%,78.23%,82.09%,NULL,NULL,96.33%,NULL,100%,14.75%,88.47%,NULL,100%,76.66%,38.32%,35.89%,91.4%,73.98%,35.5%,72.15%,34.14%,NULL,NULL,65.02%,36.89%
2006-5-11,32.8%,NULL,41.83%,77.79%,83.44%,NULL,NULL,96.28%,NULL,100%,13.95%,89.45%,NULL,100%,77.91%,38%,34.59%,91.71%,73.86%,35.73%,71.09%,33.61%,NULL,NULL,65.02%,36.84%
2006-5-12,32.48%,NULL,41.92%,77.12%,84.45%,NULL,NULL,96.33%,NULL,100%,13.21%,90.38%,NULL,100%,79.79%,37.72%,33.14%,87.04%,73.93%,36.33%,70.97%,34.45%,NULL,NULL,63.15%,37.4%
2006-5-13,32.15%,NULL,42.2%,75.78%,85.68%,NULL,NULL,96.33%,NULL,100%,12.5%,90.82%,NULL,100%,81.28%,37.41%,31.84%,88.24%,74.08%,36.21%,71.16%,34.83%,NULL,NULL,62.57%,38.14%
2006-5-14,31.96%,NULL,42.34%,76.67%,86.67%,NULL,NULL,96.89%,NULL,99.73%,11.85%,91.37%,NULL,100%,82.36%,37.08%,30.54%,89.36%,74.01%,36.39%,73.28%,34.45%,NULL,NULL,62.04%,37.69%
2006-5-15,31.96%,NULL,42.57%,77.12%,87.46%,NULL,NULL,97.17%,NULL,99.48%,11.47%,91.72%,NULL,100%,82.96%,36.94%,30.39%,90.26%,73.89%,36.57%,75.16%,34.07%,NULL,NULL,61.59%,37.34%
2006-5-16,31.7%,NULL,42.8%,77.79%,88.24%,NULL,NULL,98.17%,NULL,99.61%,11.68%,91.9%,NULL,100%,80.08%,36.74%,30.39%,90.1%,74.56%,36.63%,100%,33.61%,NULL,NULL,62.68%,37.51%
2006-5-17,32.41%,NULL,43.4%,78.68%,91.94%,NULL,NULL,98.11%,NULL,98.21%,12.34%,92.3%,NULL,100%,77.05%,43.25%,30.97%,82.74%,77.31%,36.93%,100%,34.9%,NULL,NULL,64.68%,38.42%
2006-5-18,34.85%,NULL,44.9%,63.71%,92.06%,NULL,NULL,98.06%,NULL,96.73%,13.57%,92.13%,NULL,100%,77.33%,43.94%,32.56%,81.89%,79.38%,37.42%,100%,41.64%,NULL,NULL,66.02%,39.91%
2006-5-19,37.89%,NULL,45.46%,66.17%,90.13%,NULL,NULL,NULL,NULL,96.81%,14.75%,92.36%,NULL,100%,77.13%,44.21%,33.86%,83.6%,79.92%,37.66%,NULL,42.94%,NULL,NULL,67.48%,40.27%
2006-5-20,39.9%,NULL,45.99%,67.73%,91.31%,NULL,NULL,98.06%,NULL,96.81%,15.68%,92.76%,NULL,100%,76.56%,44.39%,34.44%,85.14%,80.07%,38.02%,98.66%,43.33%,NULL,NULL,69.1%,40.2%
2006-5-21,40.74%,NULL,48.07%,70.64%,92.37%,NULL,NULL,98.11%,NULL,96.81%,16.26%,93.05%,NULL,100%,75.89%,44.39%,34.59%,86.28%,80.15%,37.9%,98.19%,43.33%,NULL,NULL,70.58%,40.2%
2006-5-22,41.09%,NULL,50.07%,71.98%,93.21%,NULL,NULL,98.11%,NULL,96.81%,16.72%,93.23%,NULL,100%,75.22%,44.39%,34.73%,86.85%,80.15%,37.96%,97.2%,43.18%,NULL,NULL,71.77%,41.22%
2006-5-23,45.32%,NULL,51.82%,72.81%,94.28%,NULL,NULL,98.83%,NULL,96.81%,17.43%,93.34%,NULL,100%,72.53%,44.33%,37.92%,87.97%,80.05%,37.96%,98.54%,NULL,NULL,NULL,73.4%,42.72%
2006-5-24,49.91%,NULL,53.84%,75.78%,95.61%,NULL,NULL,99.22%,NULL,97.32%,19.76%,93.28%,NULL,100%,69.84%,44.3%,38.78%,89.17%,81.19%,37.96%,100%,44.26%,NULL,NULL,74.9%,44.04%
2006-5-25,53.8%,NULL,55.54%,71.09%,96.32%,NULL,NULL,99.61%,NULL,97.83%,20.85%,93.63%,NULL,100%,67.03%,44.21%,39.22%,90.69%,80.99%,37.96%,100%,43.8%,NULL,NULL,76.44%,45.28%
2006-5-26,57.83%,NULL,56.97%,66.84%,97.63%,NULL,NULL,99.94%,NULL,97.96%,21.81%,93.28%,NULL,100%,64.01%,44.06%,39.8%,91.08%,80.74%,38.82%,100%,43.5%,NULL,NULL,78.13%,44.64%
2006-5-27,60.11%,NULL,58.33%,68.18%,98.82%,NULL,NULL,99.56%,NULL,97.96%,22.54%,93%,NULL,100%,60.91%,43.91%,39.8%,92.23%,81.37%,39.62%,100%,43.48%,NULL,NULL,79.56%,43.08%
2006-5-28,61.38%,NULL,59.55%,55.93%,100%,NULL,NULL,99.78%,NULL,100%,23.11%,93.4%,NULL,100%,57.83%,43.76%,39.8%,95.44%,81.84%,40.79%,100%,43.41%,NULL,NULL,81%,42.48%
2006-5-29,62.97%,NULL,61.72%,33.16%,100%,2.24%,NULL,99.94%,NULL,98.59%,23.88%,94.96%,NULL,100%,55.64%,43.64%,44.28%,94.75%,81.84%,42.54%,98.57%,49.26%,NULL,NULL,83.29%,42.84%
2006-5-30,67.55%,NULL,64.76%,26.98%,99.18%,2.94%,NULL,100%,NULL,97.45%,27.52%,95.14%,NULL,100%,55.89%,43.61%,50.8%,94.75%,82.02%,43.68%,100%,60.58%,15.77%,NULL,83.96%,42.84%
2006-5-31,71.05%,NULL,65.77%,28.66%,97.74%,3.47%,NULL,99.94%,NULL,96.18%,29.3%,95.08%,NULL,100%,55.89%,43.46%,53.55%,92.15%,82.83%,45.73%,100%,64.27%,16.54%,NULL,84.84%,41.81%
2006-6-1,74%,NULL,66.02%,39.38%,94.17%,3.81%,NULL,99.94%,NULL,99.1%,30.64%,94.44%,NULL,100%,55.73%,43.34%,55.57%,87.5%,82.57%,47.29%,100%,65.28%,16.54%,NULL,84.84%,40.68%
2006-6-2,76.81%,NULL,67.18%,51.85%,90.71%,4.25%,NULL,99.94%,NULL,100%,31.78%,93.81%,NULL,100%,55.64%,43.16%,58.47%,87.02%,81.67%,49%,100%,65.98%,3.17%,NULL,85.48%,40.39%
2006-6-3,78.8%,NULL,71.63%,37.3%,89.7%,4.56%,NULL,100%,NULL,100%,38.53%,93.46%,NULL,100%,57.16%,43.04%,83.79%,83.27%,80.59%,51.74%,100%,76.34%,2.61%,NULL,89.58%,39.84%
2006-6-4,81.55%,NULL,74.14%,51.5%,86.45%,4.8%,NULL,99.83%,NULL,100%,43.18%,92.7%,NULL,100%,57.49%,43.01%,88.71%,83.75%,79.9%,53.84%,100%,80.19%,2.61%,NULL,90.14%,38.83%
2006-6-5,83.64%,NULL,74.63%,57.88%,83.21%,5.05%,NULL,99.83%,NULL,100%,45.66%,91.95%,NULL,100%,57.06%,42.89%,90.74%,90.89%,79.72%,55.96%,100%,81.35%,2.61%,NULL,90.25%,37.91%
2006-6-6,85.66%,NULL,74.9%,53.27%,81.23%,5.1%,NULL,99.5%,NULL,99.73%,47.54%,91.2%,NULL,100%,57.83%,43.1%,97.11%,95.03%,78.54%,57.91%,100%,83.81%,2.58%,NULL,89.93%,37.57%
2006-6-7,88.29%,NULL,75.73%,51.15%,81.55%,5.28%,NULL,99.56%,NULL,98.84%,48.44%,91.26%,NULL,100%,60.99%,44.73%,99.28%,96.17%,78.26%,60.09%,100%,85.94%,2.05%,NULL,89.69%,37.74%
2006-6-8,89.82%,NULL,77.12%,43.52%,82.65%,5.32%,NULL,99.28%,NULL,97.7%,49.42%,89.85%,NULL,100%,64.84%,46.66%,100%,90.26%,78.71%,62.3%,100%,88.29%,2.05%,NULL,95.02%,38.3%
2006-6-9,90.58%,NULL,83.5%,26.56%,85.89%,6.02%,NULL,99.56%,NULL,96.3%,91.65%,90.6%,NULL,100%,79.58%,48.83%,100%,97.11%,80.39%,65.83%,100%,98.33%,4.85%,NULL,100%,39.91%
2006-6-10,94.87%,NULL,NULL,8.8%,92.15%,8.88%,NULL,99.44%,NULL,93.52%,100%,92.01%,NULL,100%,85.95%,58.8%,100%,99.59%,84.14%,75.54%,100%,100%,18.15%,NULL,100%,42.84%
2006-6-11,94.35%,NULL,100%,17.95%,93.57%,7.52%,NULL,99.39%,NULL,95.42%,100%,92.36%,NULL,100%,86.94%,66.74%,100%,94.91%,83.03%,78.61%,100%,98.66%,NULL,NULL,100%,41.76%
2006-6-12,92.8%,NULL,100%,41.87%,91.56%,7.54%,NULL,99.44%,NULL,98.84%,100%,91.54%,NULL,100%,87.24%,68.39%,NULL,94.39%,82.73%,81.25%,100%,97.48%,NULL,NULL,100%,40.32%
2006-6-13,91.26%,NULL,100%,56.29%,89.56%,7.56%,NULL,99.28%,NULL,100%,100%,90.76%,NULL,100%,87.24%,70.55%,100%,91.95%,81.79%,83.82%,100%,97.16%,2.61%,NULL,100%,39.37%
2006-6-14,89.9%,NULL,100%,67.51%,87.91%,7.59%,NULL,98.94%,NULL,100%,100%,89.94%,NULL,100%,87.63%,73.14%,100%,90.49%,81.19%,87.44%,100%,96.74%,NULL,NULL,100%,39.49%
2006-6-15,91.52%,NULL,100%,75.33%,85.98%,7.6%,NULL,98.33%,NULL,100%,100%,89.12%,NULL,100%,89.76%,74.87%,100%,91.04%,81.04%,88.86%,99.98%,96.74%,2.05%,NULL,100%,39.91%
2006-6-16,93.83%,NULL,100%,80.47%,85.23%,7.62%,NULL,97.72%,NULL,100%,100%,89.29%,NULL,100%,90.99%,76.07%,100%,94.43%,80.82%,89.9%,94.35%,96.63%,2.05%,NULL,100%,41.1%
2006-6-17,94.44%,NULL,100%,84.4%,86.11%,7.64%,NULL,97.89%,NULL,100%,100%,89.61%,NULL,100%,90.78%,76.91%,100%,97.28%,80.52%,91.17%,89.41%,96.52%,2.05%,NULL,100%,41.93%
2006-6-18,94.78%,NULL,100%,86.51%,87.01%,7.65%,NULL,98.06%,NULL,100%,100%,89.78%,NULL,100%,90.58%,77.54%,100%,98.98%,80.2%,91.41%,83.98%,96.63%,2.05%,NULL,100%,43.73%
2006-6-19,94.95%,NULL,100%,82.48%,87.35%,7.66%,NULL,98.33%,NULL,100%,100%,89.94%,NULL,100%,90.16%,77.96%,100%,100%,79.92%,92.69%,78.55%,96.41%,2.05%,NULL,100%,44.4%
2006-6-20,95.13%,NULL,100%,69.97%,87.35%,7.71%,NULL,98.67%,NULL,100%,100%,90.43%,NULL,100%,91.08%,78.39%,100%,100%,79.67%,94.61%,72.97%,96.41%,2.16%,NULL,99.75%,43.08%
2006-6-21,94.52%,NULL,100%,78.01%,89.59%,7.7%,NULL,98.94%,NULL,100%,100%,90.22%,NULL,100%,92%,78.77%,100%,97.89%,79.3%,95.41%,69.91%,96.41%,2.16%,NULL,99.09%,41.7%
2006-6-22,95.82%,NULL,100%,76.45%,90.47%,7.69%,NULL,97.67%,NULL,100%,100%,90.65%,NULL,100%,92.41%,79.15%,100%,91.04%,78.93%,95.82%,67.82%,96.52%,2.16%,NULL,98.46%,40.63%
2006-6-23,96.42%,NULL,100%,75.11%,91.31%,7.7%,NULL,97.67%,NULL,100%,100%,91.55%,NULL,100%,92.11%,79.49%,100%,93.07%,78.91%,96.06%,67.82%,96.2%,2.16%,NULL,97.76%,39.72%
2006-6-24,95.73%,NULL,100%,76.89%,92.37%,7.71%,NULL,97.67%,NULL,100%,100%,92.47%,NULL,100%,91.9%,79.66%,100%,94.07%,78.61%,96.38%,67.82%,96.09%,2.16%,NULL,100%,39.37%
2006-6-25,96.08%,NULL,100%,79.13%,93.21%,7.71%,NULL,97.83%,NULL,100%,100%,93.05%,NULL,100%,91.49%,79.75%,100%,96.21%,78.63%,96.7%,67.82%,95.88%,2.16%,NULL,96.28%,39.6%
2006-6-26,96.16%,NULL,100%,79.8%,93.81%,7.72%,NULL,97.72%,NULL,100%,100%,93.52%,NULL,100%,91.28%,79.79%,100%,98.59%,78.31%,97.03%,67.82%,95.88%,2.16%,NULL,95.56%,39.79%
2006-6-27,95.82%,NULL,100%,82.48%,93.7%,7.74%,NULL,97.11%,NULL,100%,100%,93.81%,NULL,100%,91.39%,79.88%,100%,100%,78.09%,96.95%,68.29%,98.44%,2.61%,NULL,94.84%,39.43%
2006-6-28,95.64%,NULL,100%,81.59%,93.81%,7.75%,NULL,96.72%,NULL,100%,100%,93.58%,NULL,100%,91.8%,80.05%,100%,100%,77.85%,96.95%,69.23%,98.75%,2.05%,NULL,94.08%,38.65%
2006-6-29,95.9%,NULL,100%,80.69%,93.57%,7.82%,NULL,96.22%,NULL,100%,100%,92.94%,NULL,100%,91.9%,80.26%,100%,98.02%,77.55%,96.78%,70.01%,98.23%,2.05%,NULL,95.09%,38.95%
2006-6-30,95.99%,NULL,100%,76.45%,93.33%,7.84%,NULL,95.61%,NULL,100%,100%,92.7%,NULL,100%,92%,80.99%,100%,91.87%,77.26%,96.62%,70.64%,98.12%,2.05%,NULL,96.83%,39.84%
2006-7-1,96.42%,NULL,100%,74.44%,92.97%,7.84%,NULL,94.89%,NULL,100%,100%,93%,NULL,100%,92.11%,81.77%,100%,92.71%,76.82%,96.54%,71.23%,98.01%,2.05%,NULL,98.39%,45.28%
2006-7-2,96.25%,NULL,100%,76.45%,93.21%,7.84%,NULL,93.94%,NULL,100%,100%,93.34%,NULL,100%,92.2%,82.12%,100%,93.87%,76.5%,96.22%,71.82%,98.01%,2.16%,NULL,100%,40.68%
2006-7-3,96.51%,NULL,100%,77.34%,93.7%,7.85%,NULL,93.25%,NULL,100%,100%,93.69%,NULL,100%,92.31%,82.38%,100%,95.89%,76.18%,96.54%,72.36%,97.9%,2.16%,NULL,100%,41.88%
2006-7-4,96.25%,NULL,100%,76.9%,93.93%,7.86%,NULL,92.43%,NULL,100%,100%,93.63%,NULL,100%,92.31%,82.47%,100%,96.95%,75.89%,96.22%,72.9%,97.8%,2.06%,NULL,100%,43.01%
2006-7-5,95.21%,NULL,100%,75.78%,94.41%,7.87%,NULL,91.35%,NULL,100%,100%,93.81%,NULL,100%,92.31%,82.52%,100%,97.69%,75.58%,95.98%,73.37%,97.59%,2.16%,NULL,100%,43.68%
2006-7-6,94.78%,NULL,100%,74.66%,92.5%,8.21%,NULL,90.21%,NULL,100%,100%,93.86%,NULL,100%,92.61%,82.52%,100%,98.31%,75.26%,95.74%,73.84%,97.48%,2.16%,NULL,100%,43.44%
2006-7-7,94.26%,NULL,100%,73.54%,90.47%,8.59%,NULL,88.96%,NULL,100%,100%,93.92%,NULL,100%,92.41%,82.47%,100%,98.88%,74.92%,95.49%,74.26%,97.37%,2.05%,NULL,100%,43.37%
2006-7-8,95.47%,NULL,100%,72.2%,88.47%,8.96%,NULL,87.79%,NULL,100%,100%,93.63%,NULL,100%,92.31%,82.3%,100%,98.63%,74.56%,95.25%,74.69%,97.16%,2.05%,NULL,100%,45.28%
2006-7-9,95.82%,NULL,100%,72.2%,86.34%,9.4%,NULL,86.62%,NULL,100%,100%,93.75%,NULL,100%,94.04%,82.38%,100%,98.93%,74.15%,96.3%,75.16%,100%,4.57%,NULL,100%,45.28%
2006-7-10,96.25%,NULL,100%,72.42%,84.34%,9.78%,NULL,85.34%,NULL,100%,100%,93.86%,NULL,100%,93.43%,81.95%,100%,99.76%,73.72%,96.95%,75.63%,99.83%,2.61%,NULL,100%,45.53%
2006-7-11,95.56%,NULL,100%,71.53%,83.89%,10.04%,NULL,84.23%,NULL,100%,100%,93.4%,NULL,100%,90.67%,81.77%,100%,95.4%,73.36%,96.78%,76.81%,98.97%,2.16%,NULL,100%,45.28%
2006-7-12,94.69%,NULL,100%,69.52%,84.34%,11.84%,NULL,83.39%,NULL,100%,100%,93.28%,NULL,100%,89.76%,79.45%,NULL,82.6%,70.88%,96.3%,77.98%,99.41%,2.05%,NULL,100%,45.73%
2006-7-13,94.95%,NULL,100%,59.48%,84.45%,11.94%,NULL,82.68%,NULL,100%,100%,92.24%,NULL,100%,88.43%,61.82%,100%,88.31%,73.02%,95.17%,77.3%,99.19%,3.17%,NULL,100%,46.05%
2006-7-14,95.56%,NULL,100%,20.27%,84.9%,12.27%,NULL,82.43%,NULL,100%,100%,92.82%,NULL,100%,93.12%,67.09%,100%,84.95%,74.08%,95.98%,87.98%,100%,NULL,NULL,100%,49.36%
2006-7-15,93.4%,NULL,100%,40.48%,84.34%,10.53%,NULL,82.68%,NULL,100%,100%,92.53%,NULL,100%,95.26%,72.53%,63.89%,87.42%,74.54%,95.82%,100%,100%,NULL,NULL,100%,49.56%
2006-7-16,93.15%,NULL,100%,55.05%,84.79%,10.54%,NULL,82.73%,NULL,100%,100%,91.95%,NULL,100%,94.34%,72.65%,100%,89.13%,75.26%,94.93%,100%,100%,NULL,NULL,100%,48.66%
2006-7-17,92.98%,NULL,100%,63.26%,85.35%,10.56%,NULL,82.88%,NULL,100%,100%,91.6%,NULL,100%,93.23%,75.49%,100%,92.01%,75.62%,94.37%,98.24%,100%,3.73%,NULL,100%,47.7%
2006-7-18,93.32%,NULL,100%,72.2%,86%,10.59%,NULL,83.24%,NULL,100%,100%,91.26%,NULL,100%,90.16%,80.26%,100%,95.12%,75.84%,94.05%,95.98%,99.41%,3.73%,NULL,100%,46.43%
2006-7-19,93.83%,NULL,100%,75.11%,86.67%,10.6%,NULL,83.44%,NULL,100%,100%,91.84%,NULL,100%,88.85%,82.47%,100%,90.97%,75.89%,93.73%,95.3%,99.82%,2.05%,NULL,100%,44.64%
2006-7-20,93.75%,NULL,100%,74.21%,87.12%,10.62%,NULL,83.7%,NULL,100%,100%,92.47%,NULL,100%,89.46%,83.22%,100%,85.44%,75.79%,93.57%,95.7%,99.3%,2.05%,NULL,100%,44.21%
2006-7-21,93.49%,NULL,100%,74.66%,87.68%,10.63%,NULL,84.07%,NULL,100%,100%,93.11%,NULL,100%,90.07%,83.39%,100%,88.24%,75.62%,93.41%,95.98%,99.08%,2.05%,NULL,100%,44.21%
2006-7-22,93.15%,NULL,100%,75.78%,87.79%,10.63%,NULL,84.39%,NULL,100%,100%,93.17%,NULL,100%,90.38%,83.09%,100%,89.36%,74.85%,93.57%,93.23%,98.97%,2.11%,NULL,100%,44.09%
2006-7-23,92.98%,NULL,100%,76.9%,87.68%,10.64%,NULL,84.65%,NULL,100%,100%,93.06%,NULL,100%,90.38%,82.65%,100%,91.48%,73.79%,94.13%,87.11%,98.97%,2.05%,NULL,100%,43.92%
2006-7-24,93.23%,NULL,100%,75.11%,87.46%,10.65%,NULL,84.76%,NULL,100%,100%,92.94%,NULL,100%,85.95%,67.99%,100%,88.89%,71.18%,94.37%,79.11%,98.87%,2.05%,NULL,100%,43.97%
2006-7-25,92.63%,NULL,100%,7.15%,87.01%,12.43%,NULL,85.02%,NULL,100%,100%,92.36%,NULL,100%,88.63%,68.19%,100%,89.24%,70.67%,94.53%,76.33%,100%,4.05%,NULL,100%,44.57%
2006-7-26,92.55%,NULL,100%,70.86%,86.79%,10.68%,NULL,85.34%,NULL,100%,100%,92.7%,NULL,100%,90.78%,80.17%,100%,90.02%,70.57%,95.17%,76.01%,100%,NULL,NULL,100%,45.8%
2006-7-27,93.92%,NULL,100%,66.39%,87.01%,10.75%,NULL,85.61%,NULL,100%,100%,93.11%,NULL,100%,92.92%,81.08%,100%,91.08%,70.5%,95.33%,80.45%,100%,2.95%,NULL,100%,45.48%
2006-7-28,94.26%,NULL,100%,68.85%,86.9%,10.8%,NULL,85.93%,NULL,100%,100%,93.79%,NULL,100%,94.14%,76.7%,100%,92.99%,70.26%,95.57%,80.69%,NULL,2.1%,NULL,100%,45.28%
2006-7-29,93.58%,NULL,100%,69.52%,86.79%,10.8%,NULL,86.14%,NULL,100%,100%,94.15%,NULL,100%,95.57%,76.57%,100%,92.99%,69.96%,95.98%,81.39%,99.3%,2.05%,NULL,100%,44.89%
2006-7-30,93.15%,NULL,100%,68.86%,86.56%,10.81%,NULL,85.98%,NULL,100%,100%,94.5%,NULL,100%,95.46%,79.83%,100%,93.51%,69.58%,96.14%,81.39%,99.08%,2.05%,NULL,100%,43.73%
2006-7-31,91.95%,NULL,100%,68.18%,86.34%,10.82%,NULL,85.5%,NULL,100%,100%,94.79%,NULL,100%,94.96%,81.29%,100%,94.79%,69.18%,96.46%,81.27%,98.97%,2.05%,NULL,100%,41.4%
2006-8-1,93.06%,NULL,100%,68.85%,86.11%,10.83%,NULL,84.71%,NULL,99.86%,100%,94.91%,NULL,100%,94.85%,81.69%,100%,94.35%,68.76%,96.78%,81.72%,98.97%,2.05%,NULL,100%,NULL
2006-8-2,94.26%,NULL,100%,69.3%,85.79%,10.83%,NULL,84.01%,NULL,98.97%,100%,94.85%,NULL,100%,94.04%,81.82%,100%,93.91%,68.46%,97.11%,81.96%,98.75%,2.05%,NULL,100%,36.61%
2006-8-3,95.38%,NULL,100%,69.52%,85.46%,10.84%,NULL,83.24%,NULL,97.96%,100%,94.79%,NULL,90.37%,95.06%,82.08%,100%,93.59%,68.16%,97.43%,82.26%,98.75%,NULL,NULL,100%,34.69%
2006-8-4,95.47%,NULL,100%,69.74%,85.35%,10.83%,NULL,82.33%,NULL,96.81%,100%,94.68%,NULL,89.63%,95.06%,82.08%,100%,94.47%,67.86%,96.86%,83.02%,98.97%,NULL,NULL,100%,34.75%
2006-8-5,94.95%,NULL,100%,69.97%,85.23%,10.82%,NULL,81.82%,NULL,95.61%,100%,94.44%,NULL,95.19%,94.24%,82.65%,100%,93.67%,67.65%,95.74%,83.77%,99.19%,1.43%,NULL,100%,35.15%
2006-8-6,95.04%,NULL,100%,73.32%,85.12%,10.81%,NULL,80.91%,NULL,94.91%,100%,94.33%,NULL,100%,93.93%,83.7%,100%,93.27%,67.37%,94.45%,84.52%,100%,2.33%,NULL,100%,35.6%
2006-8-7,94.61%,NULL,100%,74.88%,85.12%,10.81%,NULL,79.79%,NULL,94.4%,100%,94.56%,NULL,100%,93.01%,83.75%,100%,94.11%,67.05%,93.57%,85.27%,100%,NULL,NULL,100%,35.37%
2006-8-8,95.3%,NULL,100%,77.79%,84.9%,10.8%,NULL,78.62%,NULL,100%,100%,94.73%,NULL,100%,89.55%,81.08%,100%,94.54%,66.68%,92.93%,86.03%,99.41%,NULL,NULL,100%,35.48%
2006-8-9,94.52%,NULL,100%,70.19%,84.67%,10.8%,NULL,78.28%,NULL,100%,100%,94.68%,NULL,100%,89.86%,77.54%,100%,93.07%,68.53%,92.69%,87.67%,100%,2.25%,NULL,100%,35.7%
2006-8-10,94.01%,NULL,100%,63.93%,84.22%,12.57%,NULL,78.62%,NULL,100%,100%,94.44%,NULL,100%,91.8%,78.64%,100%,89.28%,68.37%,92.61%,88.85%,99.41%,2.37%,NULL,100%,36.16%
2006-8-11,94.09%,NULL,100%,64.38%,83.89%,10.78%,NULL,79.28%,NULL,100%,100%,94.26%,NULL,100%,92.2%,80.17%,100%,90.61%,69.07%,93.41%,88.85%,99.82%,1.74%,NULL,100%,36.16%
2006-8-12,94.44%,NULL,100%,66.17%,83.78%,10.85%,NULL,79.54%,NULL,100%,100%,94.04%,NULL,100%,92.72%,80.95%,100%,91.16%,69.3%,93.09%,90.73%,99.3%,1.72%,NULL,100%,36.38%
2006-8-13,94.61%,NULL,100%,66.61%,83.66%,10.84%,NULL,79.89%,NULL,100%,100%,93.81%,NULL,100%,93.12%,81.42%,100%,92.47%,69.3%,92.85%,90.54%,99.19%,1.72%,NULL,100%,37.51%
2006-8-14,95.47%,NULL,100%,66.61%,83.55%,10.85%,NULL,80.3%,NULL,99.99%,100%,93.58%,NULL,100%,93.33%,81.6%,100%,92.27%,69.18%,92.77%,91.58%,98.97%,1.72%,NULL,100%,39.07%
2006-8-15,96.25%,NULL,100%,66.39%,83.55%,10.84%,NULL,80.35%,NULL,98.84%,100%,93.11%,NULL,100%,93.53%,82.52%,100%,91.64%,69%,92.77%,92.14%,98.97%,NULL,NULL,100%,40.27%
2006-8-16,96.42%,NULL,100%,65.95%,83.44%,10.83%,NULL,79.94%,NULL,97.57%,100%,92.47%,NULL,100%,93.12%,83.26%,100%,91.52%,68.79%,93.33%,93.55%,98.97%,2.1%,NULL,100%,41.28%
2006-8-17,96.77%,NULL,100%,65.5%,83.1%,10.84%,NULL,79.13%,NULL,96.3%,100%,92.13%,NULL,100%,91.8%,83.92%,100%,92.27%,68.53%,93.49%,94.97%,98.86%,2.08%,NULL,100%,42.41%
2006-8-18,96.51%,NULL,100%,64.83%,82.77%,10.84%,NULL,78.47%,NULL,94.91%,100%,91.49%,NULL,100%,90.78%,84.46%,100%,91.4%,68.23%,94.37%,95.37%,98.75%,2.61%,NULL,NULL,43.85%
2006-8-19,96.59%,NULL,100%,65.05%,82.65%,10.87%,NULL,78.62%,NULL,94.91%,100%,91.15%,NULL,100%,91.59%,84.99%,100%,90.69%,69.25%,95.49%,94.57%,99.19%,3.51%,NULL,100%,45.66%
2006-8-20,96.25%,NULL,100%,64.6%,82.32%,10.87%,NULL,78.72%,NULL,94.02%,100%,90.65%,NULL,100%,91.8%,85.34%,100%,90.02%,69.37%,95.98%,93.27%,98.97%,2.67%,NULL,100%,46.81%
2006-8-21,96.08%,NULL,100%,63.93%,81.98%,10.87%,NULL,78.28%,NULL,92.92%,100%,90.22%,NULL,100%,92.51%,85.61%,100%,89.24%,69.3%,96.62%,92.12%,100%,2.98%,NULL,100%,47.58%
2006-8-22,95.9%,NULL,100%,63.04%,81.44%,10.87%,NULL,77.48%,NULL,91.95%,100%,89.78%,NULL,100%,92.92%,85.88%,100%,88.31%,69.11%,96.7%,91.04%,NULL,NULL,NULL,100%,47.83%
2006-8-23,95.99%,NULL,100%,62.82%,81.03%,10.88%,NULL,77.58%,NULL,91.11%,100%,89.23%,NULL,100%,93.64%,86.11%,100%,88.89%,68.97%,97.43%,91.51%,NULL,2.3%,NULL,100%,47.65%
2006-8-24,96.25%,NULL,100%,63.71%,80.93%,10.93%,NULL,78.23%,NULL,90.51%,100%,89.29%,NULL,100%,93.93%,86.24%,100%,88.12%,68.97%,97.27%,93.86%,NULL,2.63%,NULL,100%,47.58%
2006-8-25,96.85%,NULL,100%,63.93%,80.73%,10.93%,NULL,78.13%,NULL,90.63%,100%,89.23%,NULL,100%,95.26%,86.29%,100%,87.43%,68.95%,96.78%,95.39%,98.97%,2.71%,NULL,100%,47.65%
2006-8-26,97.03%,NULL,100%,63.93%,80.02%,10.94%,NULL,77.48%,NULL,89.78%,100%,89.01%,NULL,100%,93.12%,86.42%,100%,86.51%,68.81%,96.78%,96.14%,99.19%,2.6%,NULL,100%,47.51%
2006-8-27,97.03%,NULL,100%,63.93%,80.43%,10.95%,NULL,77.63%,NULL,88.82%,100%,88.69%,NULL,100%,92.11%,86.46%,100%,86.93%,68.62%,97.43%,96.57%,99.72%,2.05%,NULL,100%,47.9%
2006-8-28,97.11%,NULL,100%,63.93%,79.83%,10.96%,NULL,78.38%,NULL,87.73%,100%,88.47%,NULL,100%,89.76%,86.51%,100%,86.32%,69.09%,97.43%,100%,99.94%,2.11%,NULL,100%,48.09%
2006-8-29,97.11%,NULL,100%,63.26%,79.51%,10.96%,NULL,78.88%,NULL,86.64%,100%,88.19%,NULL,100%,90.27%,86.51%,100%,85.37%,69.04%,97.03%,100%,99.19%,1.64%,NULL,100%,47.45%
2006-8-30,97.11%,NULL,100%,62.14%,79.21%,10.96%,NULL,79.13%,NULL,85.56%,100%,87.81%,NULL,100%,91.49%,86.51%,100%,85.9%,68.88%,96.62%,100%,99.08%,1.83%,NULL,100%,46.37%
2006-8-31,96.94%,NULL,100%,61.47%,78.21%,11.13%,NULL,79.23%,NULL,84.35%,100%,87.27%,NULL,100%,92.72%,86.42%,100%,84.8%,68.65%,96.62%,100%,98.97%,2.33%,NULL,100%,45.16%
2006-9-1,97.11%,NULL,100%,60.54%,76.99%,11.59%,NULL,79.23%,NULL,83.14%,100%,86.88%,NULL,100%,93.64%,86.37%,100%,83.9%,68.39%,96.3%,99.93%,99.19%,3.51%,NULL,100%,44.45%
2006-9-2,97.11%,NULL,100%,59.83%,76.49%,11.65%,NULL,79.13%,NULL,83.14%,100%,86.34%,NULL,100%,91.9%,86.24%,100%,82.97%,68.09%,96.78%,98.05%,99.51%,5.66%,NULL,100%,43.92%
2006-9-3,96.94%,NULL,100%,59.3%,75.98%,11.65%,NULL,79.13%,NULL,83.38%,100%,85.74%,NULL,100%,91.28%,86.11%,100%,83.53%,67.79%,97.11%,96.21%,99.72%,9.04%,NULL,100%,42.77%
2006-9-4,96.94%,NULL,100%,58.95%,75.57%,11.65%,NULL,78.98%,NULL,83.75%,100%,85.19%,NULL,100%,90.88%,85.93%,100%,82.82%,67.42%,97.43%,93.32%,99.72%,12.63%,NULL,100%,41.58%
2006-9-5,97.03%,NULL,100%,58.59%,75.18%,11.73%,NULL,78.43%,NULL,82.9%,100%,84.54%,NULL,100%,90.16%,85.79%,100%,82.3%,67.18%,97.43%,89.79%,99.61%,14.38%,NULL,100%,40.44%
2006-9-6,96.85%,NULL,100%,57.88%,75.18%,11.81%,NULL,77.88%,NULL,81.58%,100%,83.93%,NULL,100%,89.76%,85.61%,100%,82.37%,67.16%,97.43%,90.14%,99.51%,15.6%,NULL,100%,40.56%
2006-9-7,97.03%,NULL,100%,57.88%,75.07%,11.92%,NULL,77.73%,NULL,80.58%,100%,83.33%,NULL,100%,89.76%,85.43%,100%,82.37%,67.07%,97.43%,91.44%,99.4%,16.4%,NULL,100%,40.27%
2006-9-8,97.11%,NULL,100%,65.05%,75.07%,12.05%,NULL,77.68%,NULL,81.25%,100%,83.06%,NULL,100%,90.78%,85.26%,100%,82.89%,67.07%,97.43%,92.07%,NULL,17.35%,NULL,100%,40.44%
2006-9-9,97.11%,NULL,100%,67.28%,75.07%,12.21%,NULL,78.62%,NULL,81.03%,100%,83.77%,NULL,100%,94.65%,85.08%,100%,83.64%,67.65%,97.43%,97.72%,NULL,20.22%,NULL,100%,42.05%
2006-9-10,97.11%,NULL,100%,68.4%,74.77%,12.38%,NULL,79.29%,NULL,81.36%,100%,83.88%,NULL,100%,95.06%,84.85%,100%,84.61%,71.33%,97.43%,100%,NULL,22.05%,NULL,100%,43.37%
2006-9-11,96.85%,NULL,100%,73.77%,74.77%,12.54%,NULL,81.26%,NULL,81.58%,100%,83.82%,NULL,100%,96.69%,85.08%,100%,93.43%,79.4%,97.43%,100%,NULL,23.63%,NULL,100%,44.21%
2006-9-12,96.51%,NULL,100%,75.31%,75.48%,12.52%,NULL,79.84%,NULL,82.06%,100%,83.77%,NULL,100%,96.18%,86.69%,100%,97.32%,82.15%,96.62%,100%,NULL,24.6%,NULL,100%,44.64%
2006-9-13,96.85%,NULL,100%,69.97%,76.39%,12.78%,NULL,79.13%,NULL,87.01%,100%,84.48%,NULL,100%,96.38%,86.29%,100%,100%,82.42%,96.62%,100%,NULL,27.43%,NULL,100%,44.7%
2006-9-14,96.59%,NULL,100%,73.32%,76.58%,13.05%,NULL,78.28%,NULL,87.01%,100%,84.97%,NULL,100%,94.24%,86.64%,100%,97.4%,82.47%,95.33%,100%,NULL,32.46%,NULL,100%,44.89%
2006-9-15,96.85%,NULL,100%,75.33%,76.99%,13.29%,NULL,77.48%,NULL,89.18%,100%,85.13%,NULL,100%,92%,87.05%,100%,97.23%,82%,95.98%,100%,NULL,3.35%,NULL,100%,44.84%
2006-9-16,96.42%,NULL,100%,79.58%,77.29%,13.59%,NULL,78.08%,NULL,90.39%,100%,85.57%,NULL,100%,89.66%,87.46%,100%,100%,82.52%,95.82%,100%,NULL,40.15%,NULL,100%,44.57%
2006-9-17,96.51%,NULL,100%,75.33%,77.4%,13.89%,NULL,78.33%,NULL,94.4%,100%,86.72%,NULL,100%,91.59%,87.68%,100%,97.23%,86.5%,95.66%,100%,NULL,40.15%,NULL,100%,44.52%
2006-9-18,96.59%,NULL,100%,73.54%,77.2%,13.94%,NULL,78.43%,NULL,96.3%,100%,87.92%,NULL,100%,93.64%,87.77%,100%,93.83%,86.68%,95.98%,100%,NULL,40.25%,NULL,100%,44.64%
2006-9-19,96.59%,NULL,100%,78.23%,77.2%,14.29%,NULL,78.62%,NULL,97.32%,100%,89.01%,NULL,100%,95.37%,87.82%,100%,91.56%,86.5%,96.62%,100%,NULL,37.69%,NULL,100%,44.52%
2006-9-20,96.77%,NULL,100%,80.47%,77.2%,14.6%,NULL,78.93%,NULL,97.96%,100%,90%,NULL,100%,95.06%,87.86%,100%,96.25%,86.11%,97.43%,100%,NULL,35.71%,NULL,100%,44.52%
2006-9-21,97.03%,NULL,100%,81.59%,77.2%,14.82%,NULL,79.08%,NULL,97.32%,100%,90.87%,NULL,100%,94.45%,87.86%,100%,99.05%,85.6%,97.43%,100%,NULL,35.32%,NULL,100%,44.16%
2006-9-22,97.11%,NULL,100%,80.47%,77.2%,14.94%,NULL,79.38%,NULL,96.43%,100%,91.6%,NULL,100%,90.67%,87.86%,100%,100%,85.34%,97.43%,100%,NULL,33.55%,NULL,100%,43.73%
2006-9-23,97.11%,NULL,100%,80.69%,77.29%,15%,NULL,79.69%,NULL,95.42%,100%,92.13%,NULL,100%,86.23%,87.91%,100%,100%,85.78%,97.43%,100%,NULL,34.04%,NULL,100%,43.2%
2006-9-24,97.11%,NULL,100%,80.47%,77.29%,15.03%,NULL,79.79%,NULL,94.4%,100%,92.7%,NULL,100%,85.65%,87.95%,100%,100%,86.24%,97.43%,100%,NULL,35.22%,NULL,100%,42.96%
2006-9-25,97.11%,NULL,100%,80.02%,77.2%,15.09%,NULL,79.99%,NULL,93.28%,100%,93%,NULL,100%,85.24%,87.91%,100%,99.17%,86.32%,97.43%,100%,NULL,36.9%,NULL,100%,41.76%
2006-9-26,97.11%,NULL,100%,79.58%,76.79%,15.39%,NULL,80.7%,NULL,93.28%,100%,93.05%,NULL,100%,84.75%,87.82%,100%,100%,86.14%,97.43%,100%,NULL,38.57%,NULL,100%,41.28%
2006-9-27,97.11%,NULL,100%,78.91%,77.2%,15.68%,NULL,81.26%,NULL,93.28%,100%,93.23%,NULL,100%,80.29%,87.73%,100%,100%,85.83%,97.43%,100%,NULL,38.87%,NULL,100%,41.34%
2006-9-28,97.03%,NULL,100%,78.23%,77.61%,16.01%,NULL,81.77%,NULL,93.28%,100%,93.05%,NULL,100%,75.32%,87.68%,100%,100%,85.45%,97.43%,100%,NULL,40.55%,NULL,100%,41.34%
2006-9-29,97.11%,NULL,100%,77.34%,77.7%,16.72%,NULL,82.28%,NULL,92.2%,100%,92.88%,NULL,100%,70.32%,87.55%,100%,100%,85.01%,97.43%,100%,NULL,40.64%,NULL,100%,40.15%
2006-9-30,97.03%,NULL,NULL,76.45%,NULL,17.48%,NULL,NULL,NULL,90.99%,NULL,92.7%,NULL,100%,69.17%,87.46%,100%,NULL,0.85%,97.43%,NULL,NULL,NULL,NULL,100%,40.27%
2006-10-1,97.03%,NULL,NULL,75.11%,NULL,18.1%,NULL,83.34%,NULL,89.66%,NULL,92.53%,NULL,100%,68.69%,87.32%,100%,NULL,84.94%,97.43%,NULL,NULL,46.23%,NULL,100%,40.15%
2006-10-2,96.85%,NULL,NULL,74.66%,NULL,18.7%,NULL,83.7%,NULL,88.57%,NULL,92.3%,NULL,100%,68.04%,87.19%,100%,NULL,84.65%,97.43%,100%,NULL,48.09%,NULL,100%,39.91%
2006-10-3,96.77%,NULL,100%,74.44%,77.91%,19.02%,NULL,84.12%,NULL,87.13%,100%,92.13%,NULL,100%,67.94%,87.05%,100%,100%,84.27%,97.43%,98.52%,NULL,49.74%,NULL,100%,39.72%
2006-10-4,96.51%,NULL,100%,74.44%,78.8%,19.34%,NULL,84.65%,NULL,87.01%,100%,91.72%,NULL,100%,67.76%,86.91%,100%,100%,83.79%,97.43%,99.15%,NULL,50.51%,NULL,100%,39.43%
2006-10-5,96.25%,NULL,100%,74.21%,79.42%,19.52%,NULL,84.97%,NULL,86.89%,100%,91.55%,NULL,100%,67.49%,87.01%,100%,100%,83.61%,97.43%,99.74%,NULL,52.26%,NULL,100%,39.67%
2006-10-6,95.99%,NULL,100%,74.66%,80.13%,19.44%,NULL,85.34%,NULL,85.56%,100%,91.26%,NULL,100%,69.17%,87.01%,100%,100%,83.38%,97.11%,97.01%,NULL,NULL,NULL,100%,39.96%
2006-10-7,95.64%,NULL,100%,75.55%,81.35%,19.4%,NULL,85.71%,NULL,85.56%,100%,90.87%,NULL,100%,70.81%,86.91%,100%,100%,83.13%,97.11%,93.18%,NULL,56.22%,NULL,100%,40.2%
2006-10-8,95.38%,NULL,100%,76%,82.32%,19.3%,NULL,86.03%,NULL,84.35%,100%,90.33%,NULL,100%,72.33%,86.78%,100%,100%,82.6%,96.95%,87.7%,NULL,58.64%,NULL,100%,41.22%
2006-10-9,95.13%,NULL,100%,76.45%,83.55%,19.26%,NULL,86.62%,NULL,82.9%,100%,89.73%,NULL,100%,73.78%,86.73%,100%,100%,82.02%,96.95%,83.77%,NULL,60.82%,NULL,100%,41.64%
2006-10-10,94.78%,NULL,100%,74.21%,84.34%,19.44%,NULL,86.94%,NULL,81.47%,100%,89.18%,NULL,100%,73.68%,86.6%,100%,100%,81.44%,96.78%,83.25%,NULL,62.4%,NULL,100%,42%
2006-10-11,94.44%,NULL,100%,71.31%,85.23%,19.73%,NULL,86.51%,NULL,80.14%,100%,88.58%,NULL,100%,73.68%,86.46%,100%,100%,80.87%,96.7%,83.13%,NULL,63.61%,NULL,100%,42.6%
2006-10-12,94.18%,NULL,100%,70.41%,86%,19.68%,NULL,85.24%,NULL,79.8%,100%,88.36%,NULL,100%,73.97%,86.37%,100%,100%,80.24%,96.62%,81.89%,NULL,64.83%,NULL,99.72%,43.2%
2006-10-13,93.92%,NULL,100%,69.3%,86.9%,19.54%,NULL,84.39%,NULL,79.69%,100%,87.7%,NULL,100%,74.45%,86.29%,100%,99.63%,79.67%,96.54%,81.42%,NULL,67.63%,NULL,99.24%,43.97%
2006-10-14,93.58%,NULL,100%,68.4%,87.46%,19.38%,NULL,84.01%,NULL,79.58%,100%,87.1%,NULL,83.33%,74.93%,86.2%,100%,99.09%,79.05%,96.46%,80%,NULL,68.03%,NULL,98.75%,44.28%
2006-10-15,93.23%,NULL,100%,67.51%,88.02%,19.2%,NULL,83.49%,NULL,78.58%,100%,86.55%,NULL,100%,75.13%,86.06%,100%,97.56%,78.66%,96.3%,78.08%,NULL,NULL,NULL,97.72%,44.89%
2006-10-16,92.98%,NULL,100%,66.61%,88.69%,19.18%,NULL,82.83%,NULL,77.69%,100%,85.96%,NULL,100%,75.41%,85.93%,100%,96.33%,78.24%,96.3%,75.91%,NULL,67.9%,NULL,97.72%,45.6%
2006-10-17,92.55%,NULL,100%,65.72%,89.48%,19.3%,NULL,81.57%,NULL,76.36%,100%,85.41%,NULL,100%,75.8%,85.84%,100%,96.62%,77.67%,96.3%,75.09%,NULL,67.23%,NULL,97.13%,46.3%
2006-10-18,92.2%,NULL,100%,64.83%,89.7%,19.2%,NULL,79.84%,NULL,75.02%,100%,84.81%,NULL,100%,76.18%,85.39%,100%,94.99%,77.67%,96.14%,74.57%,NULL,66.83%,NULL,96.54%,47.39%
2006-10-19,91.86%,NULL,100%,63.93%,90.13%,19.06%,NULL,78.18%,NULL,74.91%,100%,84.37%,NULL,100%,74.64%,85.57%,100%,94.47%,76.67%,96.14%,73.98%,NULL,NULL,NULL,95.91%,47.33%
2006-10-20,91.61%,NULL,100%,63.04%,90.71%,18.94%,NULL,77.39%,NULL,74.69%,100%,83.77%,NULL,100%,72.92%,85.43%,100%,93.71%,76.18%,96.14%,74.69%,NULL,66.16%,NULL,95.34%,46.05%
2006-10-21,91.26%,NULL,100%,62.14%,91.07%,18.88%,NULL,76.54%,NULL,74.58%,100%,83.22%,NULL,100%,72.14%,85.3%,100%,92.39%,75.62%,95.98%,75.28%,NULL,66.16%,NULL,94.55%,45.34%
2006-10-22,90.92%,NULL,100%,61.25%,91.66%,18.78%,NULL,75.26%,NULL,74.35%,100%,82.68%,NULL,100%,71.86%,85.12%,100%,92.63%,75.14%,95.98%,75.94%,NULL,66.16%,NULL,93.94%,44.84%
2006-10-23,90.5%,NULL,100%,60.36%,91.91%,18.68%,NULL,74.56%,NULL,73.24%,100%,82.13%,NULL,100%,72.72%,84.94%,97.83%,91.68%,74.58%,95.9%,76.59%,NULL,65.9%,NULL,93.43%,44.16%
2006-10-24,90.07%,NULL,100%,59.48%,92.26%,18.62%,NULL,73.57%,NULL,72.02%,100%,81.47%,NULL,99.26%,72.62%,84.81%,95.66%,89.79%,74.25%,95.82%,77.3%,NULL,66.3%,NULL,92.79%,43.44%
2006-10-25,89.73%,NULL,100%,58.41%,92.5%,18.58%,NULL,73.43%,NULL,70.57%,100%,80.76%,NULL,98.89%,71.47%,84.68%,93.2%,89.05%,73.84%,95.82%,78.24%,NULL,67.23%,NULL,92.15%,42.77%
2006-10-26,89.47%,NULL,100%,57.35%,92.75%,18.5%,NULL,73.72%,NULL,69.27%,100%,80.12%,NULL,98.15%,70.32%,84.54%,90.74%,88.16%,73.45%,95.9%,78.01%,NULL,67.76%,NULL,91.44%,42%
2006-10-27,89.05%,NULL,100%,56.29%,92.62%,18.48%,NULL,73.48%,NULL,68.97%,100%,79.38%,NULL,97.04%,69.84%,84.37%,89.73%,87.2%,72.93%,95.98%,77.91%,NULL,69.76%,NULL,90.81%,42.17%
2006-10-28,88.63%,NULL,100%,55.22%,92.5%,18.48%,NULL,73.62%,NULL,68.77%,99.8%,78.53%,NULL,100%,71.09%,84.19%,88.57%,86.28%,72.66%,96.06%,92.47%,96.74%,70.57%,NULL,90.28%,43.01%
2006-10-29,88.12%,NULL,100%,54.16%,92.02%,18.44%,NULL,74.07%,NULL,68.57%,99.05%,77.74%,NULL,100%,72.53%,84.01%,87.55%,85.44%,72.59%,95.98%,98.26%,96.74%,71.77%,NULL,89.83%,42.72%
2006-10-30,87.69%,NULL,100%,52.74%,91.79%,18.4%,NULL,74.46%,NULL,68.37%,98.3%,76.94%,NULL,100%,73.87%,83.75%,86.69%,84.54%,72.35%,95.9%,100%,96.74%,NULL,NULL,89.26%,43.08%
2006-10-31,87.18%,NULL,100%,51.68%,91.91%,18.28%,NULL,75.06%,NULL,67.37%,97.65%,76.2%,NULL,100%,74.73%,83.57%,86.4%,83.68%,72.14%,95.9%,100%,96.41%,73.63%,NULL,88.78%,42.84%
2006-11-1,86.85%,NULL,100%,50.62%,91.79%,18.26%,NULL,75.65%,NULL,66.36%,96.88%,75.25%,NULL,100%,76.08%,83.39%,86.4%,82.82%,72.07%,95.98%,100%,96.41%,76.03%,NULL,88.33%,42.29%
2006-11-2,86.51%,NULL,100%,49.91%,91.66%,18.26%,NULL,76.25%,NULL,65.06%,96.1%,74.51%,NULL,100%,77.72%,83.26%,86.4%,82%,72.16%,95.98%,100%,96.2%,79.06%,NULL,87.88%,41.64%
2006-11-3,86.09%,NULL,100%,50.26%,92.15%,18.42%,NULL,76.84%,NULL,64.26%,95.33%,74.01%,NULL,100%,79.3%,83.04%,86.4%,81.38%,72.33%,95.98%,100%,95.99%,79.8%,NULL,87.78%,42.05%
2006-11-4,85.92%,NULL,100%,50.97%,92.75%,19.06%,NULL,77.43%,NULL,64.56%,94.62%,73.71%,NULL,100%,80.98%,82.87%,87.12%,81.05%,72.59%,95.98%,100%,95.77%,79.8%,NULL,89.02%,43.2%
2006-11-5,85.58%,NULL,100%,50.97%,93.33%,19.38%,NULL,77.78%,NULL,64.66%,93.88%,73.46%,NULL,100%,82.57%,82.74%,87.26%,80.83%,72.73%,95.82%,100%,95.56%,79.94%,NULL,89.44%,45.41%
2006-11-6,85.16%,NULL,100%,50.79%,93.57%,19.5%,NULL,78.28%,NULL,64.56%,93.08%,73.16%,NULL,100%,83.95%,82.52%,87.26%,80.17%,72.66%,95.82%,94.73%,95.34%,78.02%,NULL,89.26%,46.55%
2006-11-7,84.74%,NULL,100%,50.44%,93.7%,19.46%,NULL,78.62%,NULL,64.46%,92.29%,72.82%,NULL,100%,83.86%,82.34%,87.26%,79.77%,72.45%,95.82%,91.44%,95.03%,78.33%,NULL,89.05%,46.81%
2006-11-8,84.32%,NULL,100%,49.73%,93.46%,19.46%,NULL,78.88%,NULL,63.06%,91.49%,72.37%,NULL,100%,83.56%,82.12%,87.26%,79.34%,72.26%,95.74%,85.93%,94.92%,77.5%,NULL,88.91%,47.07%
2006-11-9,83.81%,NULL,100%,49.02%,93.33%,19.46%,NULL,79.08%,NULL,61.75%,90.73%,71.77%,NULL,100%,83.36%,81.95%,87.26%,78.54%,71.9%,95.74%,79.35%,94.7%,77.1%,NULL,88.61%,47.97%
2006-11-10,83.39%,NULL,100%,48.31%,92.86%,19.46%,NULL,79.28%,NULL,61.05%,89.91%,71.17%,NULL,100%,83.26%,81.77%,87.26%,77.68%,71.52%,95.57%,76.31%,94.49%,77.1%,NULL,88.36%,48.86%
2006-11-11,82.8%,NULL,100%,47.6%,92.15%,19.46%,NULL,79.38%,NULL,60.85%,89.12%,70.53%,NULL,100%,83.36%,81.56%,87.26%,76.79%,71.21%,95.57%,78.29%,94.32%,77.1%,NULL,88.16%,48.02%
2006-11-12,82.3%,NULL,100%,46.54%,91.2%,19.46%,NULL,79.54%,NULL,60.65%,88.27%,69.83%,NULL,100%,83.46%,81.34%,87.26%,76.02%,70.81%,95.49%,79.35%,93.93%,NULL,NULL,87.92%,47.65%
2006-11-13,81.88%,NULL,100%,45.83%,90.36%,19.46%,NULL,78.98%,NULL,60.37%,87.49%,69.33%,NULL,100%,83.46%,81.08%,87.26%,75.38%,70.31%,95.49%,80.43%,93.74%,77.1%,NULL,87.71%,47.51%
2006-11-14,81.38%,NULL,100%,44.94%,89.48%,19.46%,NULL,78.43%,NULL,60.19%,86.68%,68.74%,NULL,100%,83.56%,80.9%,87.26%,74.76%,69.82%,95.49%,80.43%,93.32%,77.1%,NULL,87.54%,48.4%
2006-11-15,81.05%,NULL,100%,44.23%,88.8%,19.46%,NULL,77.58%,NULL,59.03%,85.9%,68.24%,NULL,100%,83.65%,80.69%,87.26%,73.82%,69.39%,95.58%,80.31%,92.67%,76.83%,NULL,87.37%,47.7%
2006-11-16,80.71%,NULL,100%,44.06%,88.69%,19.46%,NULL,77.29%,NULL,59.03%,85.07%,67.83%,NULL,100%,83.86%,80.47%,87.26%,72.99%,69.07%,95.58%,82.64%,91.5%,77.23%,NULL,87.68%,46.69%
2006-11-17,80.46%,NULL,100%,43.88%,89.36%,19.78%,NULL,77.78%,NULL,59.12%,84.21%,67.65%,NULL,100%,85.74%,80.26%,87.26%,73.4%,68.97%,95.49%,82.85%,90%,NULL,NULL,89.3%,47.65%
2006-11-18,80.05%,NULL,100%,43.39%,89.7%,19.88%,NULL,78.13%,NULL,59.12%,83.41%,67.33%,NULL,100%,87.63%,80.05%,87.26%,73.4%,68.69%,95.41%,79.91%,88.94%,78.18%,NULL,89.97%,47.77%
2006-11-19,79.8%,NULL,100%,42.97%,89.81%,19.88%,NULL,78.62%,NULL,59.03%,82.59%,66.88%,NULL,100%,89.55%,79.88%,87.26%,73.51%,68.76%,95.33%,86.38%,87.98%,78.18%,NULL,90.18%,47.7%
2006-11-20,79.46%,NULL,100%,42.56%,89.93%,19.88%,NULL,79.23%,NULL,58.85%,81.76%,66.33%,NULL,100%,91.39%,79.66%,87.84%,73.47%,68.72%,95.33%,89.44%,86.8%,78.18%,NULL,90.28%,47.33%
2006-11-21,79.63%,NULL,100%,42.14%,89.81%,19.88%,NULL,79.99%,NULL,58.85%,81.37%,66.06%,NULL,100%,92.2%,79.49%,90.3%,73.44%,68.51%,95.66%,92.68%,85.03%,77.77%,NULL,90.57%,46.94%
2006-11-22,79.88%,NULL,100%,48.13%,90.84%,20.04%,NULL,80.96%,NULL,59.65%,81.52%,66.15%,NULL,100%,92.2%,79.36%,91.03%,73.51%,68.53%,95.9%,100%,68.86%,77.77%,NULL,90.99%,47.07%
2006-11-23,80.3%,NULL,100%,61.7%,91.42%,20.27%,NULL,81.77%,NULL,62.06%,81.67%,67.52%,NULL,100%,91.69%,79.24%,93.49%,74.13%,68.69%,95.82%,100%,46.1%,77.5%,NULL,92.54%,47.97%
2006-11-24,79.96%,NULL,100%,65.27%,91.42%,20.31%,NULL,82.48%,NULL,62.46%,81.79%,68.15%,NULL,100%,91.19%,79.07%,93.92%,74.16%,68.72%,95.82%,100%,36.36%,77.5%,NULL,93.4%,48.4%
2006-11-25,79.96%,NULL,100%,67.06%,91.91%,20.31%,NULL,83.09%,NULL,62.56%,81.89%,68.29%,NULL,100%,90.67%,78.9%,94.5%,74.09%,68.58%,95.82%,100%,35.89%,77.63%,NULL,93.83%,48.15%
2006-11-26,79.55%,NULL,100%,68.63%,92.37%,20.31%,NULL,83.64%,NULL,62.66%,81.98%,68.2%,NULL,100%,90.07%,78.73%,94.93%,73.96%,68.51%,95.66%,99.44%,35.44%,77.5%,NULL,94.01%,48.47%
2006-11-27,79.38%,NULL,100%,73.32%,92.97%,20.35%,NULL,84.23%,NULL,62.76%,82.04%,68.38%,NULL,100%,89.35%,78.51%,95.37%,74.13%,68.3%,95.49%,94.02%,35.06%,77.77%,NULL,94.19%,48.66%
2006-11-28,78.96%,NULL,100%,77.34%,93.81%,20.4%,NULL,85.02%,NULL,62.96%,82.13%,68.56%,NULL,100%,88.63%,78.3%,95.37%,74.03%,68.13%,95.25%,96.45%,34.61%,NULL,NULL,94.33%,46.69%
2006-11-29,78.55%,NULL,100%,80.69%,94.77%,20.42%,NULL,86.41%,NULL,64.26%,82.19%,69.69%,NULL,100%,88.02%,78.09%,95.66%,74.2%,68.25%,95.17%,100%,30.45%,NULL,NULL,94.48%,44.52%
2006-11-30,77.97%,NULL,100%,83.86%,95.01%,20.4%,NULL,87.47%,NULL,64.76%,82.25%,70.48%,NULL,100%,87.33%,77.88%,95.66%,74.27%,68.74%,94.77%,100%,18.47%,77.9%,NULL,94.62%,42.41%
2006-12-1,77.47%,NULL,100%,85.72%,95.23%,20.4%,NULL,88.37%,NULL,64.96%,82.34%,70.83%,NULL,100%,86.64%,77.67%,95.66%,74.2%,69.28%,94.37%,100%,15.43%,77.9%,NULL,94.62%,40.15%
2006-12-2,76.97%,NULL,100%,87.04%,95.83%,20.35%,NULL,89.28%,NULL,65.06%,82.4%,71.07%,NULL,98.89%,85.93%,77.42%,95.66%,74.03%,69.68%,93.89%,100%,5.93%,77.63%,NULL,94.66%,37.46%
2006-12-3,76.56%,NULL,99.66%,87.84%,96.07%,20.86%,NULL,90.15%,NULL,65.06%,82.43%,71.12%,NULL,94.44%,85.35%,77.16%,95.95%,73.89%,70.19%,93.49%,100%,NULL,77.37%,NULL,94.69%,35.7%
2006-12-4,76.15%,NULL,99.02%,88.37%,96.56%,20.19%,NULL,90.91%,NULL,64.96%,82.49%,70.93%,NULL,92.22%,84.64%,76.95%,95.95%,73.82%,70.9%,93.09%,100%,NULL,77.37%,NULL,94.51%,34.75%
2006-12-5,75.73%,NULL,98.4%,88.37%,96.79%,20.23%,NULL,91.29%,NULL,64.86%,82.55%,70.83%,NULL,94.07%,83.95%,76.74%,95.95%,73.68%,71.85%,92.61%,100%,NULL,77.37%,NULL,94.37%,35.93%
2006-12-6,75.24%,NULL,97.76%,88.11%,96.92%,20.27%,NULL,91.13%,NULL,64.86%,82.62%,70.63%,NULL,97.78%,83.46%,76.57%,95.95%,73.71%,72.9%,92.21%,100%,NULL,77.37%,NULL,94.19%,38.77%
2006-12-7,74.66%,NULL,97.11%,87.84%,97.03%,20.29%,NULL,92%,NULL,64.76%,82.68%,70.38%,NULL,100%,83.16%,76.41%,95.95%,73.78%,73.89%,91.49%,100%,NULL,77.37%,NULL,93.9%,41.4%
2006-12-8,74.08%,NULL,96.47%,87.58%,97.03%,20.29%,NULL,NULL,NULL,64.76%,82.74%,70.06%,NULL,100%,82.08%,76.16%,95.95%,73.68%,74.56%,91.01%,NULL,NULL,77.37%,NULL,93.72%,43.31%
2006-12-9,73.43%,NULL,95.84%,87.31%,96.79%,20.29%,NULL,93.36%,NULL,64.76%,82.77%,69.74%,NULL,100%,81.48%,75.95%,95.95%,73.54%,74.8%,90.45%,100%,NULL,NULL,NULL,93.43%,45.28%
2006-12-10,72.77%,NULL,95.2%,87.04%,96.32%,20.29%,NULL,94.01%,NULL,64.76%,82.83%,69.42%,NULL,100%,80.78%,75.7%,95.95%,73.4%,74.9%,90.05%,100%,NULL,NULL,NULL,93.18%,43.92%
2006-12-11,72.2%,NULL,94.57%,86.51%,95.96%,20.29%,NULL,94.61%,NULL,64.76%,82.89%,69.1%,NULL,100%,80.19%,75.49%,95.95%,73.2%,74.97%,89.58%,100%,NULL,NULL,NULL,92.89%,42.72%
2006-12-12,71.54%,NULL,93.93%,85.98%,95.48%,20.29%,NULL,94.72%,NULL,64.76%,82.92%,68.88%,NULL,100%,79.59%,75.24%,94.5%,73.02%,74.97%,89.02%,100%,NULL,NULL,NULL,92.64%,44.52%
2006-12-13,71.05%,NULL,93.29%,85.45%,93.1%,20.25%,NULL,94.34%,NULL,64.76%,82.95%,68.56%,NULL,100%,78.79%,75.03%,93.2%,72.96%,74.92%,88.71%,100%,NULL,76.83%,NULL,92.36%,46.17%
2006-12-14,70.48%,NULL,92.66%,85.19%,90.36%,20.25%,NULL,94.34%,NULL,64.76%,82.98%,68.24%,NULL,100%,78.2%,74.83%,91.75%,72.89%,74.92%,88.31%,100%,NULL,76.83%,NULL,92.04%,49.36%
2006-12-15,70.15%,NULL,92.1%,89.43%,89.81%,20.37%,NULL,94.89%,NULL,67.27%,83.04%,69.15%,NULL,100%,77.53%,74.62%,90.3%,73.13%,75.53%,88.15%,100%,NULL,76.7%,NULL,92.29%,49.18%
2006-12-16,69.91%,NULL,91.48%,91.55%,88.92%,20.37%,NULL,94.83%,NULL,71.91%,83.1%,69.47%,NULL,100%,76.85%,74.41%,89%,74.23%,77.48%,87.84%,100%,NULL,NULL,NULL,93.9%,48.86%
2006-12-17,69.91%,NULL,90.9%,77.34%,88.02%,20.75%,NULL,95.56%,NULL,78.69%,83.16%,68.92%,NULL,100%,76.08%,74.25%,87.55%,75.81%,80.52%,87.6%,100%,NULL,NULL,NULL,95.38%,49.24%
2006-12-18,69.83%,NULL,90.32%,82.03%,86.56%,20.9%,NULL,95.28%,NULL,80.47%,83.23%,68.24%,NULL,100%,75.41%,74.08%,86.11%,76.87%,81.84%,87.28%,100%,NULL,76.17%,NULL,96.61%,47.83%
2006-12-19,69.5%,NULL,89.7%,87.04%,87.01%,21.98%,NULL,95.06%,NULL,81.36%,83.26%,67.56%,NULL,100%,74.73%,73.88%,15.32%,77.4%,82.55%,86.81%,100%,NULL,76.57%,NULL,97.31%,43.56%
2006-12-20,68.85%,NULL,89.08%,90.23%,88.47%,23.86%,NULL,95.11%,NULL,81.94%,83.29%,66.88%,NULL,100%,74.07%,73.67%,83.5%,77.79%,83.41%,86.42%,100%,NULL,76.43%,NULL,97.72%,41.04%
2006-12-21,68.36%,NULL,88.44%,93.14%,90.13%,25%,NULL,95.44%,NULL,82.3%,83.32%,66.2%,NULL,100%,73.49%,73.43%,83.07%,78.4%,86.24%,85.94%,100%,NULL,76.3%,NULL,97.87%,38.42%
2006-12-22,67.63%,NULL,87.8%,94.47%,91.91%,25.56%,NULL,95.44%,NULL,82.54%,83.35%,66.24%,NULL,96.3%,72.72%,73.18%,83.07%,79.19%,88.03%,85.55%,100%,NULL,76.3%,NULL,98.09%,37.06%
2006-12-23,67.31%,NULL,87.17%,94.74%,93.34%,25.9%,NULL,NULL,NULL,82.54%,83.38%,66.79%,NULL,89.26%,72.05%,72.81%,83.07%,79.45%,88.71%,84.29%,NULL,NULL,76.17%,NULL,NULL,35.93%
2006-12-24,66.98%,NULL,86.53%,94.74%,94.28%,26.37%,NULL,NULL,NULL,82.54%,83.41%,67.06%,NULL,88.52%,71.38%,72.53%,83.07%,79.37%,89.02%,83.04%,NULL,NULL,76.17%,NULL,98.5%,37.57%
2006-12-25,66.58%,NULL,85.91%,94.2%,94.65%,26.74%,NULL,NULL,NULL,82.66%,83.44%,67.24%,NULL,90.37%,70.61%,72.24%,83.07%,79.34%,89.15%,82.03%,NULL,NULL,76.17%,NULL,98.53%,39.6%
2006-12-26,66.1%,NULL,85.3%,94.2%,95.12%,27%,NULL,92.92%,NULL,82.78%,83.47%,67.33%,NULL,92.96%,69.93%,72%,83.21%,79.74%,89.2%,81.09%,96.92%,NULL,76.03%,NULL,98.72%,41.52%
2006-12-27,65.69%,NULL,84.67%,93.41%,95.72%,27.26%,NULL,91.89%,NULL,82.78%,83.5%,67.52%,NULL,94.07%,69.27%,71.76%,83.21%,80.1%,89.49%,80.08%,90.61%,NULL,75.63%,NULL,98.64%,41.7%
2006-12-28,65.21%,NULL,84.1%,92.88%,96.19%,27.57%,NULL,91.29%,NULL,82.78%,83.53%,67.7%,NULL,95.19%,68.69%,71.55%,83.21%,80.39%,89.41%,79.08%,84.83%,NULL,76.03%,NULL,98.68%,41.88%
2006-12-29,64.81%,NULL,83.52%,92.61%,96.43%,27.84%,NULL,91.07%,NULL,82.9%,83.59%,67.61%,NULL,97.41%,67.94%,71.44%,83.21%,80.57%,89.44%,78.15%,95.84%,NULL,75.9%,NULL,98.68%,42.17%
2006-12-30,64.41%,NULL,82.99%,91.82%,96.56%,27.98%,NULL,91.18%,NULL,82.78%,83.62%,67.43%,NULL,98.52%,67.21%,71.15%,83.21%,80.65%,89.59%,77.07%,100%,NULL,75.9%,NULL,98.79%,42.65%
2006-12-31,64.01%,NULL,82.49%,91.82%,97.14%,28.1%,NULL,91.56%,NULL,82.78%,83.62%,67.24%,NULL,100%,66.57%,70.91%,83.21%,80.72%,89.57%,76.08%,100%,NULL,75.77%,NULL,98.75%,43.32%
